"代號 ▲","名稱","成交","16Q3EPS(元)","16Q4EPS(元)","17Q1EPS(元)","17Q2EPS(元)"
="1101","台泥","33.55","0.63","0.49","0.23","0.58"
="1102","亞泥","26.55","0.3","0.51","0.08","0.51"
="1103","嘉泥","12.2","0.21","0.23","-0.17","0.02"
="1104","環泥","23.5","0.56","0.77","0.45","0.6"
="1108","幸福","8.68","0.2","0.1","0.05","0.02"
="1109","信大","12.7","0.08","0.2","0.09","0.33"
="1110","東泥","14.25","-0.02","-0.03","0.04","-0.05"
="1201","味全","19.65","-0.03","-0.64","0.09","0.01"
="1203","味王","24.95","0.47","0.52","0.37","0.48"
="1210","大成","34.95","0.83","0.68","0.74","0.55"
="1213","大飲","15.3","0.12","-0.07","0.09","-0.1"
="1215","卜蜂","64.3","1.13","1.55","1.53","1.17"
="1216","統一","63.4","0.73","0.23","0.79","0.83"
="1217","愛之味","7.54","0.06","0.34","-0.05","-0.07"
="1218","泰山","17.95","0.42","-0.45","0","-0.01"
="1219","福壽","17.8","0.12","0.11","0.11","-0.02"
="1220","台榮","10.3","0.23","0.21","0.05","0.13"
="1225","福懋油","65","0.38","0.51","0.37","0.33"
="1227","佳格","74.4","0.7","0.81","0.68","0.24"
="1229","聯華","32.1","0.78","0.56","0.5","0.68"
="1231","聯華食","33.4","0.76","1.01","0.47","0.46"
="1232","大統益","91.2","1.19","1.61","1.06","1.26"
="1233","天仁","34.5","0.34","0.5","0.5","0.44"
="1234","黑松","31.1","0.59","0.26","0.22","0.18"
="1235","興泰","33.25","2.17","-0.73","0.66","1.1"
="1236","宏亞","16.85","0.15","0.61","-0.07","-0.31"
="1256","鮮活果汁-KY","144","3.45","0.77","1.59","3.52"
="1258","其祥-KY","32.45","1.3","0.42","0.74","0.51"
="1259","安心","83.7","1.71","0.62","1.2","1.53"
="1262","綠悅-KY","72.5","2.98","3.6","3.31","1.09"
="1264","德麥","222.5","3.54","4.16","3.64","3.29"
="1268","漢來美食","160.5","","","2.4","1.67"
="1301","台塑","92.1","1.79","1.89","1.55","1.53"
="1303","南亞","74.6","1.06","3.37","1.37","1.14"
="1304","台聚","15.55","0.26","0.2","0.29","0.21"
="1305","華夏","27.6","0.6","1.21","0.79","0.51"
="1307","三芳","34.95","0.76","0.77","0.84","0.63"
="1308","亞聚","19.4","0.3","0.44","0.3","0.34"
="1309","台達化","11.65","-0.14","0.31","0.28","-0.2"
="1310","台苯","21.15","0.76","0.71","0.83","0.19"
="1312","國喬","25.95","0.63","1.02","0.86","0.22"
"1312A","國喬特","29.9","","","",""
="1313","聯成","17.05","0.23","0.44","0.27","0.21"
="1314","中石化","13.65","-0.01","-0.19","0.57","1.28"
="1315","達新","25.7","0.9","0.47","0","0.03"
="1316","上曜","25.85","-0.2","-0.15","-0.33","-0.33"
="1319","東陽","58.5","0.94","1.24","0.86","0.99"
="1321","大洋","28.7","0.15","-0.32","-0.32","-0.18"
="1323","永裕","33","0.95","0.71","0.51","0.64"
="1324","地球","13.3","0.14","0.2","1.02","-0.2"
="1325","恆大","19.1","0.1","0.37","0.02","0.14"
="1326","台化","93.4","2.56","1.51","2","1.45"
="1333","恩得利","3.95","-0.05","0.25","-0.28","-0.61"
="1336","台翰","18.7","-0.66","-0.13","0.14","0.53"
="1337","再生-KY","13","0.51","0.06","0.25","0.24"
="1338","廣華-KY","115","1.76","2.46","2.2","2.08"
="1339","昭輝","43.7","0.26","2.44","-0.22","1.52"
="1340","勝悅-KY","48.35","2.18","1.62","0.81","2.13"
="1402","遠東新","25.7","0.27","0.48","0.26","0.31"
="1409","新纖","9.95","0.13","0.12","0.03","0.17"
="1410","南染","23.9","0.33","0.44","0.22","0.41"
="1413","宏洲","9.07","-0.18","-0.15","-0.05","0.22"
="1414","東和","6.71","-0.01","0.01","-0.02","0.03"
="1416","廣豐","20","0.6","-0.59","0.69","0.27"
="1417","嘉裕","4.85","-0.23","-0.15","-0.37","-0.21"
="1418","東華","4.23","-0.48","-0.54","-0.48","-0.75"
="1419","新紡","41","0.55","0.05","-0.17","-0.04"
="1423","利華","7.71","0.02","-0.05","0.03","0.13"
="1432","大魯閣","14.35","-0.89","-0.26","-0.46","-0.5"
="1434","福懋","30.7","1.21","0.22","0.26","1.58"
="1435","中福","5.48","0","0","-0.01","0.02"
="1436","華友聯","41.8","0.25","0.1","0.4","0.77"
="1437","勤益控","17.5","0.31","0.2","0.69","0.25"
="1438","裕豐","5.05","-0.01","-0.03","-0.02","-0.02"
="1439","中和","19.6","0.04","0.3","-0.02","-0.02"
="1440","南紡","13.5","0.13","0.08","0.07","0.16"
="1441","大東","7.33","-0.76","-0.55","-1.23","-0.37"
="1442","名軒","18.2","1.54","0.04","0.87","0.63"
="1443","立益","5.75","-0.41","0.09","-0.82","-0.25"
="1444","力麗","10.9","-0.2","0.22","-0.14","0.03"
="1445","大宇","8.5","0.1","0.06","-0.01","-0.02"
="1446","宏和","22.4","0.25","0.1","-0.2","0.01"
="1447","力鵬","8.68","-0.22","0.27","-0.17","-0.22"
="1449","佳和","5.43","-0.19","-0.02","-0.15","-0.19"
="1451","年興","29","0.41","0.31","0.32","-0.12"
="1452","宏益","22.5","0.48","0.44","0.46","0.4"
="1453","大將","9.9","-0.01","-0.11","-0.09","-0.08"
="1454","台富","8.38","0.09","0.04","0.04","0.06"
="1455","集盛","12.35","0.05","0.18","0.35","-0.34"
="1456","怡華","10.5","-0.03","0.85","-0.06","0.02"
="1457","宜進","12.35","0.03","-0.06","0.06","0.03"
="1459","聯發","8.7","-0.08","-1.19","-0.18","0"
="1460","宏遠","14.45","0.24","0.49","0.1","0.09"
="1463","強盛","27.15","0.23","3.31","1.98","0.42"
="1464","得力","25.7","0.32","0.5","0.35","0.26"
="1465","偉全","16.05","0.07","0.39","-0.09","0.3"
="1466","聚隆","12","-0.12","-0.17","0.18","-0.13"
="1467","南緯","11.05","0.25","-0.26","-0.28","-0.21"
="1468","昶和","10.15","-0.19","-0.1","-0.08","-0.03"
="1469","理隆","13.85","-0.16","-0.35","-0.33","-0.03"
="1470","大統染","18.2","0.03","0.18","0.11","0.13"
="1471","首利","4.92","-0.44","-0.67","-0.54","-0.55"
="1472","三洋紡","36","-0.06","0.13","-0.34","0.02"
="1473","台南","23.3","0.58","-0.31","0.42","-0.15"
="1474","弘裕","11.6","0.17","0.27","0.18","0.2"
="1476","儒鴻","322.5","3.15","5.08","1.01","2.94"
="1477","聚陽","132.5","1.89","1","1.52","0.98"
="1503","士電","40.5","0.7","0.4","0.77","0.55"
="1504","東元","28.05","0.45","0.44","0.27","0.55"
="1506","正道","22.6","0.01","0.07","0.18","0"
="1507","永大","58.9","1.1","0.62","0.92","0.82"
="1512","瑞利","14.7","-0.38","0.16","-0.57","-0.55"
="1513","中興電","20.95","0.5","0.04","0.25","0.23"
="1514","亞力","10.85","0.05","-0.03","0.01","0.16"
="1515","力山","68.6","0.42","0.05","0.02","0.18"
="1516","川飛","18.4","0.03","0.11","0.13","0.25"
="1517","利奇","12.25","0.07","-0.09","-0.25","0.01"
="1519","華城","20.95","0.44","0.01","0.14","0.23"
="1521","大億","81.8","1.03","1.94","1.82","1.63"
="1522","堤維西","34.9","0.81","0.75","0.89","0.62"
="1524","耿鼎","11.5","0.17","0.46","0.06","0.24"
="1525","江申","102","1.78","1.92","1.82","1.88"
="1526","日馳","48.3","0.08","0.73","-0.57","1.26"
="1527","鑽全","80.7","0.18","2.9","-2.08","2.06"
="1528","恩德","13.5","0.05","0.21","-0.09","0.24"
="1529","樂士","3.1","-0.02","-0.17","0.03","0.01"
="1530","亞崴","33","0.19","0.54","-0.25","0.67"
="1531","高林股","21","0.11","0.23","0.06","0.3"
="1532","勤美","28.25","0.97","0.8","0.43","0.44"
="1533","車王電","40.1","0.21","0.25","-0.24","0.56"
="1535","中宇","42.35","0.49","0.4","0.16","0.26"
="1536","和大","134","0.96","1.42","1.08","1.34"
="1537","廣隆","144.5","2.76","3.3","2.2","3.27"
="1538","正峰新","5.55","0.01","-1.24","0.28","-1.31"
="1539","巨庭","21.9","0.24","1.18","-0.43","0.72"
="1540","喬福","14.85","0","0.26","-0.31","0.37"
="1541","錩泰","48.95","0.69","1.44","-0.05","0.56"
="1558","伸興","127","4.26","4.1","-1.37","4.11"
="1560","中砂","77.4","0.92","1.28","1.07","1.38"
="1565","精華","859","8.83","9.6","4.83","8.99"
="1566","捷邦","19.5","0.19","0.82","0.15","0.18"
="1568","倉佑","39.4","0.32","0.69","0.24","0.63"
="1569","濱川","37.8","0.8","0.97","0.74","0.51"
="1570","力肯","16.55","0.21","0.66","0.17","0.37"
="1580","新麥","152","3.57","3.46","1.44","2.79"
="1582","信錦","69.2","2","1.68","1.35","1.66"
="1583","程泰","63.1","0.31","1.03","-0.16","1.04"
="1584","精剛","11.75","0.01","-0.01","-0.17","-0.27"
="1586","和勤","44.4","-0.44","0.3","0.09","-0.06"
="1589","永冠-KY","61.5","1.34","1.88","0.6","1.68"
="1590","亞德客-KY","459.5","3.04","1.85","3.5","5.51"
="1591","駿吉-KY","34","0.43","0.79","0.2","-0.1"
="1592","英瑞-KY","30.85","1.21","0.67","0.9","0.61"
="1593","祺驊","42.85","0.93","1","0.31","0.84"
="1595","川寶","68.9","0.49","-0.59","0.58","1.22"
="1597","直得","102.5","0.18","0.37","0.21","1.03"
="1598","岱宇","39.2","0.23","2.08","-0.91","-0.56"
="1599","宏佳騰","42.1","2.43","0.89","0.42","0.3"
="1603","華電","26.85","0.8","-0.21","0.57","0.18"
="1604","聲寶","14.05","0.27","0.12","0.2","0.36"
="1605","華新","16.3","0.42","0.35","0.26","0.2"
="1608","華榮","10.8","0.22","0.08","0.26","0.19"
="1609","大亞","10.45","0.22","0.02","0.05","0.18"
="1611","中電","9.7","-0.08","-1.96","0.03","-0.16"
="1612","宏泰","10.85","0.17","0.08","0.2","0.22"
="1614","三洋電","23.3","0.35","0.08","0.12","0.25"
="1615","大山","14.1","0.28","0.37","0.06","0.42"
="1616","億泰","5.68","0.15","-0.13","-0.06","0.06"
="1617","榮星","13.65","0.16","0.38","0","0.26"
="1618","合機","9.62","0","0.05","-0.03","0.28"
="1626","艾美特-KY","27.45","-0.54","0.63","0.31","1.04"
="1701","中化","17.95","0.23","0.11","0.32","0.21"
="1702","南僑","61.2","1.22","1.09","0.86","1.12"
="1704","榮化","41.65","1.1","1.3","0.99","1.09"
="1707","葡萄王","183","2.51","2.92","1.92","2.38"
="1708","東鹼","29.45","0.58","1.42","0.51","0.68"
="1709","和益","18.35","0.47","0.46","0.32","0.5"
="1710","東聯","28.5","-0.33","0.07","0.52","0.01"
="1711","永光","18.65","0.26","0.07","0.17","0.1"
="1712","興農","18.2","0.26","0.47","0.38","0.51"
="1713","國化","16.65","0.14","0.2","0.12","0.19"
="1714","和桐","9.52","0.01","0.16","0.07","0.06"
="1717","長興","30.75","0.67","0.41","0.44","0.26"
="1718","中纖","9.07","-0.08","0.12","-0.01","-0.02"
="1720","生達","33.3","0.61","0.44","0.33","0.56"
="1721","三晃","12.85","0.09","0.46","0.05","-0.05"
="1722","台肥","39.3","0.17","-0.63","0.52","0.48"
="1723","中碳","123.5","1.1","1.29","1.14","1.16"
="1724","台硝","14.1","0.43","0.3","0.02","0.22"
="1725","元禎","14.8","0.47","0.29","0.14","0.21"
="1726","永記","80.7","1.66","1.67","1.3","1.29"
="1727","中華化","13.3","0.22","0.3","0.1","0.16"
="1730","花仙子","41.5","0.89","0.77","0.76","0.74"
="1731","美吾華","13.45","0.26","0.21","0.16","0.15"
="1732","毛寶","12.4","-0.13","-0.28","-0.08","0.02"
="1733","五鼎","32.8","0.01","-1.23","-0.39","0.58"
="1734","杏輝","21.7","-0.04","0.25","-0.05","0.06"
="1735","日勝化","18.75","0.17","0.14","0.02","0.07"
="1736","喬山","33.9","0.54","1.87","-0.2","-0.72"
="1737","臺鹽","28.15","0.5","0.34","0.33","0.57"
="1742","台蠟","10.8","-1.01","-0.91","0.04","0.01"
="1752","南光","37.1","0.42","0.68","0.64","0.35"
="1762","中化生","22.15","0.18","0.37","-0.15","-0.16"
="1773","勝一","77.5","1.33","1.43","1.32","1.44"
="1776","展宇","21.5","0.16","0.65","0.02","0.59"
="1777","生泰","82","0.82","1.31","0.09","1.1"
="1781","合世","12.35","-0.21","-0.28","-0.55","-0.31"
="1783","和康生","24.3","-0.02","0.05","-0.06","0.12"
="1784","訊聯","28.05","-0.06","-0.08","-0.03","-0.06"
="1785","光洋科","15.6","-0.09","-0.37","0","0.11"
="1786","科妍","40.15","-0.93","0.42","-0.04","0.02"
="1787","福盈科","24.4","0.33","0.52","0.4","0.56"
="1788","杏昌","96.7","1.52","1.85","1.72","1.81"
="1789","神隆","36.5","0.22","0.19","0.22","0.11"
="1795","美時","52","-0.14","-0.76","-0.3","0.15"
="1799","易威","22.2","-0.91","-1.61","-0.94","-0.78"
="1802","台玻","15.8","-0.12","-0.14","0","0.13"
="1805","寶徠","13.05","-0.22","-0.36","-0.21","-0.29"
="1806","冠軍","8.15","-0.06","0.1","-0.49","0.13"
="1808","潤隆","36.55","2.04","1.59","0.02","0.15"
="1809","中釉","12.4","0.09","-0.01","-0.22","0.15"
="1810","和成","9.6","0.86","0","0.06","0.07"
="1813","寶利徠","20.4","0.16","0.06","-0.03","0.21"
="1815","富喬","15.9","0.33","0.36","0.25","0.42"
="1817","凱撒衛","41","0.89","1.12","0.66","0.88"
="1902","台紙","19","0.14","-0.96","0.08","0.14"
="1903","士紙","31.95","-0.04","-0.17","-0.19","-0.19"
="1904","正隆","17.55","0.35","0.23","0.32","0.31"
="1905","華紙","10.95","0.05","0.14","0.12","0.15"
="1906","寶隆","31.5","-0.13","5.86","0.17","1.75"
="1907","永豐餘","11.8","0.21","0.01","-0.03","0.3"
="1909","榮成","42.8","0.2","1.66","0.9","0.83"
="2002","中鋼","24.6","0.43","0.23","0.24","0.22"
"2002A","中鋼特","42.2","","","",""
="2006","東和鋼鐵","24.65","0.3","0.29","0.5","0.41"
="2007","燁興","4.7","-0.17","-0.12","-0.04","-0.13"
="2008","高興昌","10.4","-0.12","-0.18","-0.22","-0.24"
="2009","第一銅","10.75","-0.15","-0.08","0.1","0.14"
="2010","春源","11.15","0.25","0.2","0.27","0.04"
="2012","春雨","14.35","0.31","0.46","0.05","0.34"
="2013","中鋼構","19.35","0.11","0.01","0.09","0.05"
="2014","中鴻","11.35","0.53","0.28","0.48","0.22"
="2015","豐興","52","0.89","0.58","1.24","0.99"
="2017","官田鋼","9.5","0.1","0.14","0.47","0.08"
="2020","美亞","13.6","0.48","0.35","0.52","0.34"
="2022","聚亨","6.03","-0.03","-0.16","-0.02","-0.2"
="2023","燁輝","11.4","0.31","0.4","0.51","0.12"
="2024","志聯","10.65","0.26","0.41","0.25","0.22"
="2025","千興","2.82","0.19","0.22","0.2","-0.47"
="2027","大成鋼","20.45","0.16","0.48","0.27","0.45"
="2028","威致","9.38","-0.04","0.23","0.49","0.37"
="2029","盛餘","32.85","1.08","1.16","1.17","0.54"
="2030","彰源","16.6","0.27","0.59","0.74","0.32"
="2031","新光鋼","28.3","0.87","0.56","1.19","0.53"
="2032","新鋼","10.1","0.13","0.16","0.04","-0.24"
="2033","佳大","9.12","0.08","0.33","0.05","0.06"
="2034","允強","26","0.46","0.63","0.55","0.5"
="2035","唐榮","45.2","0.35","0.46","0.94","-0.19"
="2038","海光","8.01","-0.09","0.72","-0.17","-0.11"
="2049","上銀","317.5","1.18","1.68","1.04","2.58"
="2059","川湖","390.5","3.18","7.23","1.15","1.52"
="2061","風青","10.9","0.03","0.21","0.24","-0.13"
="2062","橋椿","37.7","1.27","1.28","1.14","0.02"
="2063","世鎧","35.7","0.46","0.01","0.45","0.71"
="2064","晉椿","17.2","0.32","0.93","-0.37","0.45"
="2065","世豐","29.15","1.06","0.78","0.52","-0.1"
="2066","世德","100.5","1.1","2.04","0.46","1.52"
="2067","嘉鋼","13.2","-0.77","-0.55","-0.92","-0.61"
="2069","運錩","25","0.68","1.02","0.66","-0.11"
="2101","南港","27.1","0.31","0.13","0.26","0.25"
="2102","泰豐","13.75","-0.23","-0.04","-1.25","0.05"
="2103","台橡","35","0.3","0.07","0.43","-0.11"
="2104","中橡","42.6","0.91","0.65","0.82","1.4"
="2105","正新","58.7","0.92","0.69","0.59","0.53"
="2106","建大","38.7","0.85","0.96","0.23","0.01"
="2107","厚生","14.8","0.15","0.41","0","0.09"
="2108","南帝","22.15","0.25","0.33","0.37","0.27"
="2109","華豐","11.3","0.12","-0.27","0.04","0.03"
="2114","鑫永銓","88.2","1","1.61","0.24","1.27"
="2115","六暉-KY","47.8","1.07","1.19","1.16","1"
="2201","裕隆","25.45","0.37","-0.35","0.52","0.23"
="2204","中華","27.05","0.62","0.25","0.76","0.91"
="2206","三陽工業","22.4","-0.36","-0.11","0.02","0.52"
="2207","和泰車","350.5","4.69","4.66","5.75","4.08"
="2208","台船","11","-1.14","-0.63","-2.01","-1.56"
="2221","大甲","28.5","0.5","1.12","0.33","0.47"
="2227","裕日車","254","3.1","4.31","4.81","6.1"
="2228","劍麟","127","2.17","2.25","1.65","1.12"
="2230","泰茂","13.7","0.01","0.16","-0.3","-0.02"
="2231","為升","295","3.12","3.35","1.75","3.27"
="2233","宇隆","115","1.48","2.85","1.65","1.98"
="2235","謚源","111.5","1.42","1.57","0.95","1.28"
="2236","百達-KY","52.3","0.23","0.98","1.04","0.47"
="2239","英利-KY","163.5","2.27","2.45","2.25","2.27"
="2243","宏旭-KY","59.1","","","",""
="2301","光寶科","38.2","1.37","1.11","0.85","0.76"
="2302","麗正","6.08","-0.01","-0.01","-0.1","-0.05"
="2303","聯電","15.85","0.24","0.21","0.19","0.17"
="2305","全友","7.94","-0.12","0.21","-0.06","-0.03"
="2308","台達電","137","2.18","1.91","1.51","1.63"
="2311","日月光","37.15","0.72","1.04","0.33","0.97"
="2312","金寶","10.75","0.14","0.08","0.16","0.16"
="2313","華通","48.5","0.4","0.73","0.33","0.45"
="2314","台揚","34.85","0.18","0.23","0.27","0.28"
="2316","楠梓電","19.05","-0.31","0.63","-0.46","0.17"
="2317","鴻海","107.5","2","3.98","1.63","1.03"
="2321","東訊","2.84","0.05","0","-0.13","0.02"
="2323","中環","4.42","-0.22","-0.64","-0.28","-0.01"
="2324","仁寶","21.35","0.5","0.6","0.25","0.06"
="2325","矽品","47.85","0.86","0.91","0.32","0.69"
="2327","國巨","255","1.73","2.31","1.62","2.46"
="2328","廣宇","25.8","0.17","0.33","0.15","0.32"
="2329","華泰","9.31","0.09","0.01","-0.23","-0.17"
="2330","台積電","240.5","3.73","3.86","3.38","2.56"
="2331","精英","21.4","0.8","0.48","0.34","0.26"
="2332","友訊","11.45","-0.6","0.18","-0.34","-0.13"
="2337","旺宏","52","0.18","0.2","0.06","0.35"
="2338","光罩","19.8","-0.18","-0.26","-0.11","0.06"
="2340","光磊","20.25","0.53","0.32","0.34","0.3"
="2342","茂矽","15","0.01","-0.01","-0.1","0"
="2344","華邦電","28.15","0.18","0.23","0.19","0.28"
="2345","智邦","96.2","0.89","0.99","1.19","1.17"
="2347","聯強","38.35","0.73","0.79","0.68","0.8"
="2348","海悅","27.9","0.03","0","0.22","0.6"
="2349","錸德","5","-0.23","-0.54","-0.23","-0.23"
="2351","順德","93.2","1.05","1.12","0.85","0.98"
="2352","佳世達","21.5","0.73","0.81","0.63","0.69"
="2353","宏碁","17.45","0.08","-1.9","0.02","0.08"
="2354","鴻準","91.9","2.36","1.67","0.72","1.18"
="2355","敬鵬","62.6","1.45","1.66","0.97","0.98"
="2356","英業達","23.6","0.34","0.5","0.19","0.54"
="2357","華碩","259","8.05","6.65","4.92","2.7"
="2358","廷鑫","21.8","-0.62","-1.09","0.25","0.19"
="2359","所羅門","22.35","0.12","0.44","-0.06","0.28"
="2360","致茂","160","1.52","1.01","0.75","1.29"
="2362","藍天","31.75","0.05","0.37","0.06","0.46"
="2363","矽統","8.9","0.17","-0.28","-0.2","-0.16"
="2364","倫飛","2.6","-0.86","-0.43","-0.46","-0.16"
="2365","昆盈","10.7","-0.18","-0.76","-0.1","0.04"
="2367","燿華","16.1","-0.24","0.54","-0.44","0.05"
="2368","金像電","10.85","0.23","0.23","-0.34","0.09"
="2369","菱生","16.05","0.42","0.11","0.11","0.08"
="2371","大同","13.4","-0.19","-0.18","0.04","0.24"
="2373","震旦行","88.3","1.11","1.03","1.05","1.08"
="2374","佳能","20.45","0.81","0.49","0.06","0.25"
="2375","智寶","29","0.01","0.2","0.24","1.05"
="2376","技嘉","45.5","1.29","0.81","0.43","0.91"
="2377","微星","77.5","1.91","1.41","1.63","0.77"
="2379","瑞昱","115.5","1.48","1.35","1","1.85"
="2380","虹光","6.81","-0.34","-0.34","-0.63","-0.53"
="2382","廣達","71.9","1.03","1.06","0.72","1.03"
="2383","台光電","113.5","2.59","2.49","2.26","2.29"
="2385","群光","76.2","1.15","2.09","0.9","1.3"
="2387","精元","17.3","0.52","0.57","0.81","0.01"
="2388","威盛","10.7","0.07","0.06","0.04","0.03"
="2390","云辰","11.95","-0.26","0.01","-0.41","-0.3"
="2392","正崴","48.2","0.45","1.03","0.19","0.74"
="2393","億光","48.6","1.04","1.05","0.71","0.85"
="2395","研華","205","2.32","2.25","1.9","2.47"
="2397","友通","63.6","1.03","1.08","0.68","1.1"
="2399","映泰","13.35","-0.26","0.04","-0.2","0.46"
="2401","凌陽","18.1","0.07","0.09","0.54","0.05"
="2402","毅嘉","16.45","0.06","0.37","-0.29","-0.29"
="2404","漢唐","53.2","1.77","1.73","0.78","1.55"
="2405","浩鑫","16.45","0.12","-0.22","-0.24","0.15"
="2406","國碩","18.5","-0.45","-0.4","-0.73","-4.4"
="2408","南亞科","82.7","0.51","7.34","1.19","2.36"
="2409","友達","12.3","0.51","0.93","0.98","1.02"
="2412","中華電","103.5","1.23","1","1.24","1.35"
="2413","環科","18.75","0.07","-0.28","-0.65","0.23"
="2414","精技","20.1","0.4","0.27","0.43","0.38"
="2415","錩新","26.75","0.96","0.66","0.14","0.3"
="2417","圓剛","15.35","-0.1","-0.02","-0.19","-0.09"
="2419","仲琦","23.7","0.39","0.85","0.07","0.47"
="2420","新巨","36.2","0.68","1.32","0.15","1.02"
="2421","建準","61","0.71","0.82","0.51","0.83"
="2423","固緯","24.55","0.4","0.48","0.51","0.73"
="2424","隴華","26.9","-0.58","-0.24","-0.9","-0.19"
="2425","承啟","16.7","0.1","0.48","-0.64","0.12"
="2426","鼎元","14.35","0.07","0.56","-0.19","0.32"
="2427","三商電","9.93","0.1","0.06","0.05","0.12"
="2428","興勤","88.1","2.45","1.88","1.61","3"
="2429","銘旺科","13.25","0","-0.26","-0.41","-0.44"
="2430","燦坤","22.75","0.64","0.47","0.51","0.2"
="2431","聯昌","17.35","0.2","0.37","0.05","0.06"
="2433","互盛電","43.75","1.43","0.49","1.15","0.56"
="2434","統懋","10.4","-0.33","0.12","-0.46","-0.22"
="2436","偉詮電","30.45","0.31","0.12","0.02","0.23"
="2438","翔耀","7.49","-0.01","-0.02","0.1","-0.3"
="2439","美律","217","5.01","4.03","1.74","2.89"
="2440","太空梭","10.65","0.09","0.1","0.08","0.1"
="2441","超豐","53.6","1.02","1.05","1.05","1.03"
="2442","新美齊","7.84","0.19","0.18","-0.08","0.02"
="2443","新利虹","6.69","-0.42","-0.34","-0.39","-0.45"
="2444","友旺","38","0.08","-0.08","-0.15","0.2"
="2448","晶電","58.3","0","-0.15","-0.26","0.69"
="2449","京元電子","30.25","0.75","0.56","0.48","0.5"
="2450","神腦","52","1.09","1.02","0.62","1"
="2451","創見","84.5","1.1","2.37","1.33","1.8"
="2453","凌群","13.55","0.04","0.36","0.19","0.1"
="2454","聯發科","326","4.98","3.23","4.29","1.51"
="2455","全新","74","0.41","0.28","0.41","0.65"
="2456","奇力新","102","1.61","1.38","1.11","1.58"
="2457","飛宏","12.65","-0.21","0.52","0.1","0.02"
="2458","義隆","49.25","0.58","0.39","0.34","0.7"
="2459","敦吉","43.8","1.26","0.86","1.01","0.92"
="2460","建通","13.3","0.09","0.15","-0.11","-0.08"
="2461","光群雷","17.4","0.46","0.73","0.05","0.25"
="2462","良得電","34.3","0.28","0.74","-0.26","0.2"
="2464","盟立","44.25","0.42","0.86","-0.25","0.86"
="2465","麗臺","17.9","-0.26","-0.86","0.81","-0.08"
="2466","冠西電","37.65","-0.08","0.27","-0.3","0.02"
="2467","志聖","28.25","0.42","0.35","0.28","0.89"
="2468","華經","11.5","0.1","0.23","0.09","0.15"
="2471","資通","15.35","0.47","1.21","-0.64","0.51"
="2472","立隆電","51.5","0.64","0.97","0.12","1.01"
="2474","可成","337.5","5.8","12.37","2.71","5.31"
="2475","華映","2.61","0.02","0.1","0.26","0.18"
="2476","鉅祥","25.95","0.63","0.88","0.16","0.54"
="2477","美隆電","31.2","0.38","0.54","0.37","0.36"
="2478","大毅","24.35","0.24","0.29","0.19","0.19"
="2480","敦陽科","34.8","0.72","0.5","0.55","0.6"
="2481","強茂","29","0.4","0.41","0.34","0.55"
="2482","連宇","12.9","-0.01","0.1","-0.49","-0.18"
="2483","百容","26.75","0.34","0.58","0","0.4"
="2484","希華","20.55","0.27","0.63","0.09","0.37"
="2485","兆赫","29.6","0.17","0.44","-0.42","0.28"
="2486","一詮","11.15","-0.06","-0.18","-0.43","0.05"
="2488","漢平","31.8","1.49","1.67","0.51","0.58"
="2489","瑞軒","15.45","0.31","0.01","-0.63","-0.42"
="2491","吉祥全","6.85","-0.15","0.09","-0.02","0.57"
="2492","華新科","77.5","1.22","1.06","0.77","0.86"
="2493","揚博","26.4","0.78","0.57","0.28","0.77"
="2495","普安","14.05","0.2","0.56","-0.03","0.07"
="2496","卓越","168.5","0.01","3.65","2.22","2.5"
="2497","怡利電","29.7","-0.14","0.05","-0.31","-0.14"
="2498","宏達電","66.7","-2.18","-3.75","-2.47","-2.37"
="2499","東貝","11.8","0.02","-1.54","-0.44","0.02"
="2501","國建","16.8","0.47","0.75","0.57","0.14"
="2504","國產","9.05","-0.22","-2.76","1.99","0.05"
="2505","國揚","13.15","-0.13","0.19","0.11","0.36"
="2506","太設","10.2","0.42","-0.33","0.24","-0.13"
="2509","全坤建","21.9","-0.02","-0.08","-0.07","-0.02"
="2511","太子","11.1","0.11","0.68","0.09","0.14"
="2514","龍邦","15","0.93","-0.06","0.3","1.29"
="2515","中工","6.9","0.11","0.05","0.02","0.08"
="2516","新建","6.48","0.61","-0.6","-0.17","-0.99"
="2520","冠德","19.2","0.54","0.16","0.14","0.21"
="2524","京城","22.6","0.57","0.89","0.16","0.22"
="2527","宏璟","19.95","0.49","-0.14","-0.14","-0.19"
="2528","皇普","21.4","-0.05","-0.06","0.24","-0.04"
="2530","華建","14.5","-0.08","-0.2","-0.11","-0.11"
="2534","宏盛","24.15","0.05","0.97","1.46","1.09"
="2535","達欣工","17.8","0.31","1.38","0.49","0.53"
="2536","宏普","20.15","0.34","-0.86","0.45","-0.09"
="2537","聯上發","8.33","0.13","-0.17","-0.06","0.05"
="2538","基泰","10.3","-0.21","-0.05","-0.16","0.08"
="2539","櫻花建","28.5","0.01","2.53","0.68","0.27"
="2540","愛山林","22.3","1.06","0.4","0.05","0.36"
="2542","興富發","40.2","1.72","0.84","0.3","0.26"
="2543","皇昌","8.24","0.09","0.07","0.11","-0.06"
="2545","皇翔","30.7","0.6","-1.16","0.87","-0.27"
="2546","根基","18.2","0.88","0.17","0.36","1.04"
="2547","日勝生","13.5","-0.99","-0.58","-0.82","-0.35"
="2548","華固","69.3","4.09","4.94","0.27","0.89"
="2596","綠意","17","1.79","1.59","0.66","0.25"
="2597","潤弘","38.8","1.72","1.83","0.72","0.75"
="2601","益航","7.87","-1.21","-0.3","0.61","-0.23"
="2603","長榮","17.05","-0.33","-0.3","0.09","0.79"
="2605","新興","22","0.15","0.2","0.29","0.33"
="2606","裕民","35.25","0.01","0.29","-0.02","0.16"
="2607","榮運","13.9","0.16","0.19","0.16","0.17"
="2608","大榮","37.15","0.54","0.57","0.42","0.65"
="2609","陽明","12.2","-1.32","-1.17","-0.53","-0.25"
="2610","華航","11.25","0.09","-0.22","-0.69","0.32"
="2611","志信","7","-0.09","-0.37","-0.16","-0.05"
="2612","中航","28.5","0.09","-0.38","-0.37","-0.18"
="2613","中櫃","13.1","-0.06","0.19","-0.07","0.16"
="2614","東森","9.06","0.6","-0.35","-0.08","-0.11"
="2615","萬海","18.45","0.02","0.35","-0.09","0.4"
="2616","山隆","32.1","0.93","0.78","2.8","0.57"
="2617","台航","15.45","-0.04","-0.18","0.04","0.07"
="2618","長榮航","14.75","0.58","-0.29","-0.18","0.39"
="2633","台灣高鐵","23.8","0.16","0.18","0.29","0.23"
="2634","漢翔","35.3","0.48","0.64","0.12","0.46"
="2636","台驊投控","24.55","0.38","0.23","0.27","0.6"
="2637","慧洋-KY","27.85","0.04","1.02","0.08","-0.26"
="2640","大車隊","71.2","0.79","0.82","1.12","1.42"
="2641","正德","7.36","0.03","0","-0.07","0"
="2642","宅配通","31.95","0.08","0.07","0.52","0.48"
="2643","捷迅","35.7","1.65","0.81","0.47","0.25"
="2701","萬企","13.2","0.29","0.12","0.17","0.28"
="2702","華園","13.9","0.09","0.09","0.07","0.1"
="2704","國賓","22.9","0.44","0.25","0.32","0.22"
="2705","六福","8.05","-0.29","-0.18","-0.27","-0.33"
="2706","第一店","15.5","0.35","0.16","0.23","0.34"
="2707","晶華","151","1.55","2.41","1.84","1.99"
="2712","遠雄來","24.65","0.35","0.02","-0.07","-0.03"
="2718","晶悅","24","-0.15","0.22","0.02","-0.08"
="2719","燦星旅","9.9","-0.27","-1.04","-0.49","-1.07"
="2722","夏都","34.1","0.69","0.07","0","0.28"
="2723","美食-KY","360","3.34","3.4","3.22","2.92"
="2726","雅茗-KY","98","1.53","1.05","1.28","1.39"
="2727","王品","148.5","1.54","0.51","1.7","1.78"
="2729","瓦城","225","4.05","1.75","3.77","3.68"
="2731","雄獅","93.5","0.89","0.17","1.39","2.11"
="2732","六角","86.2","1.49","1.73","0.47","1.23"
="2734","易飛網","22.25","-0.4","-1.45","0.17","-0.09"
="2736","高野","16.6","-0.17","-0.15","0.43","-0.36"
="2739","寒舍","37.45","0.33","1.07","0.71","0.43"
="2740","天蔥","33.4","-0.45","-1.23","-1.9","-0.89"
="2748","雲品","69","0.67","0.9","1.02","0.68"
="2801","彰銀","16.25","0.36","0.31","0.32","0.33"
="2809","京城銀","32.95","1.21","1.05","1.08","1.32"
="2812","台中銀","9.57","0.29","0.31","0.27","0.24"
="2816","旺旺保","17.7","0.4","0.34","0.49","0.74"
="2820","華票","15.15","0.28","0.23","0.23","0.26"
="2823","中壽","28.5","0.91","0.12","0.01","0.66"
="2832","台產","20.2","0.57","0.28","0.58","0.63"
="2834","臺企銀","8.31","0.23","0.2","0.25","0.27"
="2836","高雄銀","9.08","0.21","0.19","0.22","0.19"
="2838","聯邦銀","8.98","0.3","0.24","0.25","0.24"
="2841","台開","10.15","-0.19","0.11","0.04","0.38"
="2845","遠東銀","9.36","0.26","0.25","0.24","0.29"
="2849","安泰銀","12.75","0.15","0.22","0.3","0.29"
="2850","新產","26.45","1.24","0.32","0.78","1.02"
="2851","中再保","15.7","0.57","0.25","0.47","0.58"
="2852","第一保","13.8","0.65","0.44","0.51","0.01"
="2855","統一證","14.6","0.55","-0.16","0.54","0.28"
="2856","元富證","8.37","0.2","-0.25","0.09","0.18"
="2867","三商壽","15.75","0.85","-0.71","-0.78","2.05"
="2880","華南金","16.5","0.27","0.34","0.22","0.33"
="2881","富邦金","48.1","1.62","0.79","0.97","0.76"
"2881A","富邦特","63.4","","","",""
="2882","國泰金","49.3","1.97","0.71","0.85","1.24"
"2882A","國泰特","62.1","","","",""
="2883","開發金","9.2","0.17","0.1","0.12","0.12"
="2884","玉山金","18.35","0.4","0.28","0.43","0.41"
="2885","元大金","13.3","0.35","0.26","0.26","0.32"
="2886","兆豐金","23.6","0.61","0.35","0.54","0.52"
="2887","台新金","13.3","0.31","0.16","0.31","0.31"
"2887E","台新戊特","52.4","","","",""
="2888","新光金","9.56","0.25","0.33","-0.29","0.44"
="2889","國票金","9.11","0.21","0.1","0.2","0.2"
="2890","永豐金","9.3","0.19","0.12","0.22","0.18"
="2891","中信金","19.4","0.5","0.24","0.52","0.47"
="2892","第一金","19.35","0.39","0.33","0.36","0.43"
="2897","王道銀行","8.74","0.21","0.09","0.19","0.12"
="2901","欣欣","26.15","0.24","0.05","0.08","0.08"
="2903","遠百","14.8","0.14","0.37","0.17","0.08"
="2904","匯僑","19.9","0.3","0.32","0.29","0.32"
="2905","三商","24.9","1.29","-0.26","-0.87","2.49"
="2906","高林","11.2","0","0.41","-0.09","0.16"
="2908","特力","22.8","0.3","0.2","0.6","0.26"
="2910","統領","28","0.16","0","0.09","0.16"
="2911","麗嬰房","11.25","-0.3","0.65","-0.14","-0.44"
="2912","統一超","280","2.71","1.91","2.64","2.68"
="2913","農林","15.8","0.19","-0.05","0.74","0.04"
="2915","潤泰全","50.4","2.46","2.9","0.52","1.19"
="2916","滿心","15.9","-0.13","0.79","0.26","0.14"
="2923","鼎固-KY","17.9","0.14","0.47","0.13","-0.12"
="2924","東凌-KY","57.2","0.02","0.38","-0.54","-0.25"
="2926","誠品生活","141.5","2.51","1.59","2.75","1.8"
="2928","紅馬-KY","64.5","0.04","2.92","1.24","0.89"
="2929","淘帝-KY","112.5","0.64","2.79","2.2","4.05"
="2936","客思達-KY","34","1.32","1.28","1.08","0.67"
="2937","集雅社","20.9","0.42","0.06","0.6","0.22"
="3002","歐格","13.6","0.2","0.14","0.32","0.13"
="3003","健和興","73.4","0.52","0.87","0.61","0.92"
="3004","豐達科","47.2","0.89","1.18","0.6","0.8"
="3005","神基","41.65","0.83","1.69","0.72","0.73"
="3006","晶豪科","47.8","0.3","0.79","0.39","1.16"
="3008","大立光","5740","51.89","63.06","36.41","35.14"
="3010","華立","54.2","1.15","1.06","1.26","1.17"
="3011","今皓","7.74","0.15","0.26","-0.21","-0.09"
="3013","晟銘電","20.2","0.45","0.62","0.06","0.27"
="3014","聯陽","35.75","0.87","0.45","0.56","0.59"
="3015","全漢","24.95","0.51","0.56","0.11","-0.04"
="3016","嘉晶","32","-0.07","0","0.06","0.19"
="3017","奇鋐","29.25","0.61","0.7","0.62","0.6"
="3018","同開","74.5","0.13","0.28","0.11","0.02"
="3019","亞光","115","0.57","0.14","0.11","0.7"
="3021","鴻名","15.65","0.31","0.25","0.14","0.43"
="3022","威強電","40.75","0.99","1.27","1.14","0.73"
="3023","信邦","83.2","1.31","1.1","1.25","1.51"
="3024","憶聲","6.91","0.17","3.01","0.02","-0.03"
="3025","星通","20.15","0.14","0.14","-0.27","0.18"
="3026","禾伸堂","61.2","0.58","0.46","0.56","0.58"
="3027","盛達","12.1","0.13","-0.27","-0.15","-0.24"
="3028","增你強","19.35","0.28","0.34","0.33","0.36"
="3029","零壹","19.65","0.67","0.55","0.13","0.39"
="3030","德律","41.3","0.27","0.31","0.32","0.66"
="3031","佰鴻","17.8","0.24","0.23","0.15","0.31"
="3032","偉訓","40.45","0.89","1.52","0.5","0.52"
="3033","威健","18.05","0.3","0.31","0.31","0.3"
="3034","聯詠","118.5","2.02","2.06","1.53","2.01"
="3035","智原","51.5","0.21","0.13","2.12","0.61"
="3036","文曄","47.1","1.4","0.42","1.06","1.15"
="3037","欣興","18.4","-0.2","0.62","0.07","-0.12"
="3038","全台","10.4","0.2","0.32","-0.25","0.21"
="3040","遠見","40.2","0.96","0.2","10.43","0.39"
="3041","揚智","20","-0.28","-1.27","-0.39","-0.34"
="3042","晶技","39.45","0.87","1","1.04","0.54"
="3043","科風","2.5","-0.07","0.33","-0.09","-0.41"
="3044","健鼎","100.5","1.86","2.34","1.71","1.98"
="3045","台灣大","107.5","1.46","1.26","1.46","1.4"
="3046","建碁","4.45","-0.58","-1.18","-0.53","-0.33"
="3047","訊舟","10.45","-0.13","0.15","-0.28","-0.06"
="3048","益登","17.15","0.64","0.08","0.24","0.35"
="3049","和鑫","11","0.27","0.48","0.07","0.02"
="3050","鈺德","11.6","0.26","-0.05","0.19","0.4"
="3051","力特","4.21","-0.53","0.33","-0.27","-0.05"
="3052","夆典","8.4","0.01","0.16","0.03","0.01"
="3054","立萬利","18.5","0.29","0.05","0.38","-0.14"
="3055","蔚華科","19.25","0.1","0.37","0.01","0.17"
="3056","總太","18.35","-0.1","-0.08","-0.02","2.82"
="3057","喬鼎","12.5","-0.33","-0.97","-0.82","-0.37"
="3058","立德","9.73","0.22","0.11","0.02","-0.01"
="3059","華晶科","27.8","0.05","0.33","0.12","-0.06"
="3060","銘異","30.35","0.33","0.43","0.21","0.03"
="3062","建漢","18.25","0.14","0.31","0.06","0.1"
="3064","泰偉","12.5","-1.18","-1.26","-1.38","-0.9"
="3066","李洲","7.4","-0.34","-0.39","-0.04","-0.09"
="3067","全域","12.5","-0.08","0.45","-0.15","-0.08"
="3068","美磊","61.5","1.55","1.44","1.08","0.92"
="3071","協禧","23.3","0.25","0.13","0.22","0.29"
="3073","凱柏實業","9.2","0.04","0","-0.17","-0.11"
="3078","僑威","34.65","0.94","1.14","0.36","0.63"
="3081","聯亞","428","2.08","0.94","0.97","1.62"
="3083","網龍","39.9","-0.21","0.02","0","0"
="3085","新零售","28.3","-0.1","-0.64","-0.58","-0.4"
="3086","華義","16","-0.83","-1.23","-1","-1.21"
="3088","艾訊","50.9","1.15","1.09","0.35","9.66"
="3089","遠昇","6.39","-0.34","-0.03","-0.12","-1.22"
="3090","日電貿","29","0.6","0.67","0.8","0.6"
="3092","鴻碩","48.65","1.23","1.69","1.11","1.52"
="3093","港建","29.3","0.51","0.13","0.04","0.48"
="3094","聯傑","23","0.16","0.27","0.07","0.24"
="3095","及成","2.36","-0.33","0.5","0.11","0.09"
="3105","穩懋","265","2.14","1.09","1.23","1.85"
="3114","好德","15.7","0.17","0.56","-0.28","0.62"
="3115","寶島極","11.4","-0.07","0","0.2","-0.07"
="3118","進階","33.05","0.34","0.76","0.54","0.66"
="3122","笙泉","16.8","-0.11","0.27","-0.02","-0.12"
="3128","昇銳","11.55","-0.04","0.17","-0.14","-0.04"
="3130","一零四","153.5","2.67","1.36","2.16","2.61"
="3131","弘塑","192.5","2.8","6.36","2.9","6.18"
="3141","晶宏","37.2","0.41","0.28","0.07","0.23"
="3144","新揚科","25.15","0.36","0.54","0.17","0.44"
="3149","正達","23.2","-1.1","-1.64","0.07","0.28"
="3152","璟德","358","3.05","3.38","2.8","3.34"
="3162","精確","31.8","-1.52","-1.17","-0.53","0.04"
="3163","波若威","36.95","1.63","1.01","0.52","-0.37"
="3164","景岳","24.05","-0.11","-2.44","-0.03","0.46"
="3167","大量","46.65","0.47","0.71","0.19","1.24"
="3169","亞信","30.9","0.36","0.33","0.37","0.53"
="3171","新洲","14.15","0.32","0.28","0.08","0.19"
="3176","基亞","39.4","-1.08","-0.92","-0.81","-0.71"
="3188","鑫龍騰","18","-0.11","-0.13","0.2","0.21"
="3189","景碩","74.8","1.41","1.09","0.31","0.14"
="3191","和進","16.85","-2.31","-0.7","-0.14","-0.24"
="3202","樺晟","24.1","0.26","0.36","-0.11","0.01"
="3205","佰研","70.2","0.13","0.65","-0.62","-0.33"
="3206","志豐","29.05","-0.18","0.48","0.42","0.48"
="3207","耀勝","9.2","0.15","-0.05","-0.71","-0.55"
="3209","全科","22.2","0.49","0.3","0.54","0.06"
="3211","順達","48.45","0.81","0.71","0.62","0.32"
="3213","茂訊","57.3","1.02","2.4","1.29","1.58"
="3217","優群","34.15","1","0.75","0.28","0.67"
="3218","大學光","26.55","0.18","0.72","0.16","0.44"
="3221","台嘉碩","17.55","0.11","0.26","-0.18","0.15"
="3224","三顧","39.9","-0.48","-0.03","-0.16","0.16"
="3226","至寶電","53.5","0.32","1.07","0.09","0.54"
="3227","原相","134.5","0.26","0.53","0.65","1.48"
="3228","金麗科","18","0.02","-0.11","-0.19","-0.21"
="3229","晟鈦","17.85","-0.65","-0.36","-0.19","0.22"
="3230","錦明","6.29","-0.25","-0.02","-0.17","-0.21"
="3231","緯創","26.2","0.21","0.59","0.22","0.31"
="3232","昱捷","41.1","-0.35","-0.31","-0.21","0.29"
="3234","光環","34.85","-0.34","-0.58","-2.24","-1.64"
="3236","千如","43.3","0.53","0.48","0.38","0.76"
="3252","海灣","19.7","1.57","-1.21","-0.72","0.23"
="3257","虹冠電","53.3","0.45","0.29","0.06","0.51"
="3259","鑫創","22.8","-0.27","0.08","-0.31","-0.55"
="3260","威剛","86.8","1.65","3.6","3.62","1.42"
="3264","欣銓","38.3","0.61","0.59","0.49","0.54"
="3265","台星科","25.8","0.49","3.87","1.76","-0.61"
="3266","昇陽","11.55","-0.13","0.36","-0.02","-0.04"
="3268","海德威","13","-0.45","-0.02","-0.99","0.05"
="3272","東碩","58.5","0.65","1.46","0.02","1.38"
="3276","宇環","15.05","0.49","0.9","0.02","0.21"
="3284","太普高","18.85","0.25","0.56","0.87","0.25"
="3285","微端","19.9","0.19","0.54","0","0.39"
="3287","廣寰科","6.45","-0.08","-0.03","-0.13","-0.31"
="3288","點晶","3.5","-0.51","-0.45","-0.19","-0.14"
="3289","宜特","117.5","0.84","0.4","0.55","1.14"
="3290","東浦","15.5","0.06","0.78","0.15","0.1"
="3293","鈊象","157","2.53","3.08","2.27","3.47"
="3294","英濟","28.2","0.57","0.6","-0.22","0.4"
="3296","勝德","17.05","0.29","0.83","-0.22","-0.01"
="3297","杭特","14.55","-0.33","-0.31","-0.66","-0.26"
="3299","帛漢","67","1.32","1.67","1.24","1.41"
="3303","岱稜","19","0.34","0.54","0.03","-0.78"
="3305","昇貿","26.95","0.66","0.26","0.22","0.23"
="3306","鼎天","23","0.07","-0.59","-0.18","-0.18"
="3308","聯德","8.14","-0.4","-0.07","-0.31","-0.08"
="3311","閎暉","18.95","-0.12","-0.13","-0.36","-0.15"
="3312","弘憶股","6.8","0.12","0","0.07","-2.37"
="3313","斐成","41.35","-0.25","-0.73","-0.74","-0.05"
="3317","尼克森","36.2","0.11","0.47","0.12","0.12"
="3321","同泰","15.25","-0.97","-0.27","-1.03","-0.74"
="3322","建舜電","11.4","-0.18","-0.21","-0.35","-0.1"
="3323","加百裕","40.5","0.34","0.55","0.12","0.79"
="3324","雙鴻","75.4","2.5","2.65","0.11","1.2"
="3325","旭品","15.8","0.13","0.44","-0.26","-0.41"
="3332","幸康","47.5","0.74","0.36","0.88","1.15"
="3338","泰碩","29.8","0.89","1.1","-0.18","0.39"
="3339","泰谷","7.61","-1.85","-0.1","-0.45","-0.25"
="3346","麗清","75.5","0.55","1.62","1.25","0.34"
="3354","律勝","13.45","-0.06","0.47","-0.53","0.14"
="3356","奇偶","37.4","0.12","0.39","-1.24","-0.16"
="3360","尚立","15.45","0.46","0.47","0.26","0.06"
="3362","先進光","75.9","0.38","0.62","-0.11","0.63"
="3363","上詮","29.9","0.34","0.39","0.5","0.31"
="3372","典範","6.23","-0.25","-0.11","-0.44","-0.28"
="3373","熱映","21.9","0.12","-0.27","0.01","0.29"
="3374","精材","69.6","-0.54","-1.01","-0.92","-1.33"
="3376","新日興","81.9","1.36","2.71","0.4","1.36"
="3379","彬台","12.4","-0.73","0.91","-0.64","-0.45"
="3380","明泰","23.75","0.22","0.28","0.4","0.34"
="3383","新世紀","2.82","-1.18","-3.1","-0.75","-0.48"
="3388","崇越電","68.9","1.55","1.07","1.22","1.21"
="3390","旭軟","25.25","-0.23","0.29","-0.52","0.23"
="3402","漢科","24.55","0.54","0.57","0.46","0.9"
="3406","玉晶光","326.5","1.15","3.18","0.08","1.48"
="3413","京鼎","206","2.62","3.32","2.62","4.09"
="3416","融程電","51.2","0.64","0.69","0.5","0.49"
="3419","譁裕","18.3","0.42","0.65","0.09","0.09"
="3426","台興","71.6","1.32","1.52","0.93","1.32"
="3428","光燿科","62.1","0.62","1.06","-0.16","1.2"
="3431","長天","8.49","-0.25","-0.7","1.71","-0.65"
="3432","台端","12.5","-0.07","0.19","-0.47","0.16"
="3434","哲固","13","0.2","0.43","-0.25","0.1"
="3437","榮創","36.4","0.26","0.18","-0.14","0.01"
="3438","類比科","22.8","-0.44","0.06","-0.35","-0.13"
="3441","聯一光","43.2","-0.19","0.13","-0.2","0.01"
="3443","創意","262.5","1.01","1.16","1.07","1.29"
="3444","利機","25.5","0.21","0.42","0.25","0.28"
="3450","聯鈞","115.5","2.24","2.7","1.1","1.6"
="3452","益通","9.57","-0.59","-0.26","-0.22","-0.18"
="3454","晶睿","102.5","1.37","2.01","0.55","1.58"
="3455","由田","56.2","1.48","3.55","-1.41","1.84"
="3465","祥業","14","0.06","0.5","-0.54","-0.6"
="3466","致振","16.15","-0.42","0.27","-0.19","-0.49"
="3479","安勤","49.65","1.04","0.65","0.41","0.58"
="3481","群創","12.8","0.31","1.1","1.19","1.22"
="3483","力致","24.3","0.72","1.54","-0.47","-0.54"
="3484","崧騰","39.7","0.93","0.72","0.63","0.52"
="3489","森寶","9.08","1.02","0.53","-0.13","0.06"
="3490","單井","30.65","-0.39","-0.45","-0.65","0.19"
="3491","昇達科","70.5","1.01","1.55","1.16","1.52"
="3492","長盛","34.6","0.82","0.81","0.9","1.02"
="3494","誠研","12.2","-0.39","-0.35","-0.31","-0.12"
="3498","陽程","53.5","-0.41","0.18","0.09","0.57"
="3499","環天科","18.6","-0.09","0.26","-0.21","0.44"
="3501","維熹","64","1.4","1.85","0.87","1.21"
="3504","揚明光","56.5","-0.25","-0.23","-0.58","-0.39"
="3508","位速","42.5","-1.84","-1.8","-1.03","-0.77"
="3511","矽瑪","18.05","-1.73","-0.47","-0.71","-0.36"
="3512","能緹","41.4","-0.17","-0.32","-0.32","0.11"
="3514","昱晶","19.1","-5.71","-0.68","-1.62","-0.65"
="3515","華擎","77.3","0.51","0.08","0.82","0.7"
="3518","柏騰","30.2","-0.93","-1.67","-0.81","-0.61"
="3519","綠能","19.4","-2.18","-1.29","-0.55","-1.08"
="3520","振維","44.6","-0.18","-0.5","-0.26","-0.18"
="3521","鴻翊","8.66","-0.07","0.1","-0.44","-0.3"
="3522","宏森","38.9","-0.12","-0.49","-0.3","-0.66"
="3523","迎輝","9.19","-1.1","-1.84","-1.04","-1.01"
="3526","凡甲","76.5","1.96","2.08","0.43","0.93"
="3527","聚積","67.5","1.8","1.04","0.85","0.44"
="3528","安馳","37.05","0.6","0.52","0.63","0.82"
="3529","力旺","361","1.72","1.75","2","1.79"
="3531","先益","28.5","0.59","0.54","0.45","0.85"
="3532","台勝科","102","0.17","0.28","0.38","0.69"
="3533","嘉澤","189","2.3","3.44","2.11","2.32"
="3535","晶彩科","12.1","-0.57","1.08","-0.91","-0.37"
="3536","誠創","19.25","-0.07","0.55","0.06","0.05"
="3537","堡達","20.6","0.34","0.66","0.16","0.52"
="3540","曜越","32.2","0.38","0.23","0.48","0.32"
="3541","西柏","122.5","1.4","1.86","1.1","1.47"
="3545","敦泰","30.1","0.32","0.5","-0.01","0.12"
="3546","宇峻","99","1.15","1.72","0.73","1.19"
="3548","兆利","55.3","2.55","1.16","1.57","1.54"
="3550","聯穎","16.6","0.23","0.51","0.06","0.38"
="3551","世禾","43.05","0.3","0.3","0.38","0.74"
="3552","同致","162","2.8","3.23","0.99","1.37"
="3555","重鳥鵬","68.8","-0.17","0.25","0.13","0.45"
="3556","禾瑞亞","49.85","0.83","0.79","0.88","1.02"
="3557","嘉威","11.55","-0.37","-0.18","-0.31","-0.11"
="3558","神準","129","2.32","2.67","1.95","1.52"
="3561","昇陽光電","15.55","-1","-1.2","-0.88","-0.75"
="3562","頂晶科","13.5","-1.47","-0.81","-1.78","-0.34"
="3563","牧德","173","1.53","1.55","1.41","2.15"
="3564","其陽","26.35","0.68","0.73","-1.78","-1.03"
="3567","逸昌","32.4","0.76","0.89","0.73","0.57"
="3570","大塚","46.5","1.65","0.56","0.45","0.26"
="3576","新日光","15.15","-1.82","-3.76","-1.26","-0.57"
="3577","泓格","33.3","1.68","0.66","0.3","0.44"
="3579","尚志","16.55","-4.65","-1.98","-0.82","-1.09"
="3580","友威科","72.1","0.14","0.1","-0.15","0.41"
="3581","博磊","22.55","0.06","0.48","0.04","0.26"
="3583","辛耘","75","0.69","0.91","0.21","0.91"
="3587","閎康","86.1","1.5","1.08","0.5","1.23"
="3588","通嘉","28.95","0.66","0.65","0.04","0.05"
="3591","艾笛森","15.65","0.16","-0.17","-0.2","-0.21"
="3593","力銘","12.8","-0.04","-0.85","-0.24","0.01"
="3594","磐儀","29.15","-0.46","0.58","-1.15","0.68"
="3596","智易","49.25","1.79","1.27","0.26","1.21"
="3605","宏致","27.45","0.62","0.8","-0.13","0.2"
="3607","谷崧","29.45","-0.46","-0.11","-1.67","-0.76"
="3609","東林","14.9","-0.03","-1.76","0.01","0.29"
="3611","鼎翰","229.5","3.11","4.25","2.98","4.37"
="3615","安可","24.3","0.51","0.19","0.07","0.27"
="3617","碩天","112","2.08","2.79","0.62","2.67"
="3622","洋華","17","-0.29","-0.14","-0.55","0.11"
="3623","富晶通","43.2","1.13","1.26","0.57","0.8"
="3624","光頡","21.6","0","0.17","-0.16","0.39"
="3625","西勝","36.7","0.75","0.72","0.25","0.43"
="3628","盈正","40","0.16","1.38","-0.08","0.42"
="3629","群富通","18","-1.66","-3.31","-0.9","1.69"
="3630","新鉅科","50","-1.5","-0.66","-0.55","-1.35"
="3631","晟楠","32.8","0","0.07","-0.32","0.02"
="3632","研勤","15.8","-1.22","-0.74","-0.74","-0.35"
="3642","駿熠電","20.35","-0.66","-1.32","-0.64","-10.4"
="3645","達邁","47.75","1.12","0.69","0.57","0.33"
="3646","艾恩特","19","0.34","0.25","0.2","-0.06"
="3652","精聯","24.7","0.41","0.28","-0.16","0.19"
="3653","健策","71.5","0.28","0.91","0.05","0.84"
="3661","世芯-KY","98.1","-0.42","0.78","0.61","1.53"
="3663","鑫科","15.95","0.22","0.1","-0.01","0.15"
="3664","安瑞-KY","27","-0.27","0.46","-0.55","-0.86"
="3665","貿聯-KY","270.5","2.52","2.89","1.92","2.81"
="3666","光耀","31.6","-0.17","0.54","-0.78","0.51"
="3669","圓展","20.4","0.66","0.24","0.04","0.15"
="3672","康聯訊","23.2","0.61","0.51","0.25","0.38"
="3673","TPK-KY","86.1","1.99","0.86","1.79","0.95"
="3675","德微","60.3","0.52","0.68","0.6","0.91"
="3679","新至陞","69.7","2.21","2.35","1.36","1.28"
="3680","家登","38.7","0.07","0.77","0.94","-0.86"
="3682","亞太電","9.76","-0.31","-0.34","-0.21","-0.14"
="3684","榮昌","40","0.55","1.22","0.35","1.05"
="3685","元創精密","59.6","0.03","0.08","-0.12","-0.04"
="3686","達能","7.52","-0.66","-1.03","-0.55","-0.57"
="3687","歐買尬","40","-2.98","-2.7","-2.15","-0.86"
="3689","湧德","52.2","0.86","1.41","0.71","1.02"
="3691","碩禾","284.5","9.19","0.23","0.64","1.9"
="3693","營邦","43.5","1.09","1.86","-1","-1.35"
="3694","海華","16.2","0.35","0.12","-0.17","0.2"
="3698","隆達","23.3","-0.06","-0.98","0","0.1"
="3701","大眾控","6.59","0.11","0.07","0.36","0.04"
="3702","大聯大","41.75","1.12","0.2","1.07","1.02"
="3703","欣陸","14.7","0.27","0.83","0.36","0.45"
="3704","合勤控","14","-0.14","0.35","-0.67","-0.24"
="3705","永信","40.3","0.37","0.39","0.63","0.5"
="3706","神達","36.8","1.01","1.44","0.68","0.79"
="3707","漢磊","25.05","-0.72","-0.53","-0.57","-0.11"
="3708","上緯投控","72.3","0.03","0.54","0.01","1.28"
="4102","永日","16.9","-0.68","-0.22","-0.3","-0.3"
="4103","百略","73.8","2.28","1.76","0.35","0.98"
="4104","佳醫","45.25","0.74","0.63","1","0.77"
="4105","東洋","97.5","0.85","1.39","0.89","0.98"
="4106","雃博","31.35","0.32","0.19","0.32","0.58"
="4107","邦特","93.8","1.17","1.23","0.7","1.03"
="4108","懷特","25.5","-0.18","-0.35","-0.25","-0.22"
="4109","穆拉德加捷","17.15","-0.07","0.08","0.04","-0.13"
="4111","濟生","24.8","0.37","0.45","0.38","0.34"
="4113","聯上","10.45","-0.01","-0.05","0.12","0.08"
="4114","健喬","26.4","0.03","-0.12","0","-0.16"
="4116","明基醫","38.85","0.2","0.33","0.14","0.28"
="4119","旭富","59.4","1.19","0.44","0.65","0.5"
="4120","友華","71","0.94","1.61","2.02","1.24"
="4121","優盛","12","-0.09","0.66","-0.4","0.29"
="4123","晟德","53.7","0.7","-0.26","-0.07","-0.07"
="4126","太醫","82","1.18","0.91","0.92","0.84"
="4127","天良","11.65","-0.43","-0.64","-0.38","-5.48"
="4128","中天","20.7","-0.08","-0.17","1.68","-0.26"
="4129","聯合","69.6","-0.13","0.48","-0.05","1.19"
="4130","健亞","35.4","0.08","0.02","0.14","0.66"
="4131","晶宇","9.26","-0.19","-0.23","-0.13","-0.16"
="4133","亞諾法","39.05","0.14","0.29","0.2","0.29"
="4137","麗豐-KY","114.5","1.64","1.55","1.18","2.02"
="4138","曜亞","50.7","0.95","0.89","0.94","0.99"
="4139","馬光-KY","52.8","-0.27","-0.43","0.01","0.18"
="4141","龍燈-KY","29.2","-0.28","1.51","-1.03","-0.93"
="4142","國光生","20.6","-0.55","-0.91","-0.84","-0.63"
="4144","康聯-KY","34.95","0.94","0.6","1.09","0.69"
="4147","中裕","215","-0.2","-0.44","-0.32","-0.69"
="4148","全宇生技-KY","124.5","","","1.23","1.67"
="4152","台微體","75.6","-4.24","-4.87","-2.87","-4.09"
="4153","鈺緯","30","-0.36","-2.02","-1.35","0.71"
="4154","康樂-KY","22.05","1.56","-0.74","-0.43","-0.41"
="4157","太景*-KY","21.3","-0.09","-0.08","-0.08","1.36"
="4160","創源","28.3","0.08","-0.28","0.27","0.02"
="4161","聿新科","45.25","-0.02","0.12","-0.56","0.08"
="4162","智擎","158","-0.75","5.05","-1.02","-0.29"
="4163","鐿鈦","98.5","1.66","2.09","0.44","1.07"
="4164","承業醫","37.45","0.11","0.89","0.52","0.15"
="4167","展旺","30.05","-0.2","0.08","0.05","0.19"
="4168","醣聯","24","-0.3","-0.45","-0.39","-0.51"
="4171","瑞基","20","-0.28","-0.61","-0.45","0.09"
="4173","久裕","21.9","0.07","0.18","0.01","0.04"
="4174","浩鼎","169","-2.16","-1.63","-2.37","-1.64"
="4175","杏一","65","0.89","1.01","0.71","0.5"
="4180","安成藥","75","-1.83","3.13","-2.93","2.82"
="4183","福永生技","21.3","0.11","0.71","-0.36","-0.23"
="4188","安克","32.6","-0.26","-0.26","-0.27","-0.27"
="4190","佐登-KY","60.4","1.17","1.44","0.91","0.68"
="4192","杏國","29","-0.92","0.07","-0.9","-0.9"
="4198","環瑞醫","9.4","-0.95","-0.93","-0.91","-0.67"
="4205","中華食","63.7","0.87","0.79","0.78","0.74"
="4207","環泰","12.05","0.27","0.45","0.46","0.11"
="4303","信立","121","0.08","0","0.02","16.96"
="4304","勝昱","5.42","-0.34","-0.06","-0.36","-0.52"
="4305","世坤","31.7","0.41","1.03","0.38","0.79"
="4306","炎洲","13.75","-0.09","-0.21","-0.03","0.28"
="4401","東隆興","76.1","1.17","1","1.15","1.23"
="4402","福大","16.5","2.31","-0.67","-0.4","-0.41"
="4406","新昕纖","9.58","-0.08","0.06","-0.05","0.02"
="4413","飛寶企業","12.3","0.01","-0.28","-0.54","-0.11"
="4414","如興","18.8","-0.6","-0.87","-0.7","-0.37"
="4416","三圓","79","-0.33","0.21","-0.2","-0.34"
="4417","金洲","33.8","1.47","0.79","0.69","0.64"
="4419","元勝","9.9","-0.59","-0.28","-0.26","3.01"
="4420","光明","27.3","0.14","0.22","0.43","0.42"
="4426","利勤","55.1","2","1.32","0.43","0.55"
="4429","聚紡","23.1","-0.04","-0.05","-0.16","0.06"
="4430","耀億","25","-0.03","0.83","0.54","-0.13"
="4432","銘旺實","36.4","0.44","0.34","0.12","0.64"
="4433","興采","23.35","0.01","0.04","-0.26","0.33"
="4438","廣越","140.5","6.61","0.12","-1.73","1.41"
="4502","健信","87.8","0.02","0.4","1.04","1.9"
="4503","金雨","39.2","0.01","0.03","0.31","0.34"
="4506","崇友","49.65","0.73","0.42","2.04","0.76"
="4510","高鋒","19.85","0.3","0.06","-0.06","0.19"
="4513","福裕","9.27","-0.41","-0.05","-0.05","-0.23"
="4523","永彰","16.4","0.29","-0.35","-0.68","-0.13"
="4526","東台","21.15","-0.11","0.2","-0.46","-0.11"
="4527","方土霖","31.55","0.97","1.07","0.42","0.59"
="4528","江興鍛","80.7","0.72","1.03","1.08","1.24"
="4529","淳紳","33.75","-0.49","-1.64","-1.02","-1.15"
="4530","宏易","9.39","4.02","0.01","-0.36","-0.08"
="4532","瑞智","31.25","0.58","0.49","0.52","0.7"
="4533","協易機","13.1","0.31","0.05","-0.22","0.28"
="4534","慶騰","18.45","0.85","0.71","-0.15","0.19"
="4535","至興","42","0.81","0.87","0.76","0.77"
="4536","拓凱","97.8","2.2","2.75","0.15","2.38"
="4541","晟田","26.7","-0.31","-0.12","-0.57","-0.02"
="4542","科嶠","38","-0.7","0.38","-0.57","1.57"
="4543","萬在","19.7","0.14","0.46","-0.18","0.14"
="4545","銘鈺","47.65","0.36","1.15","-0.64","-0.49"
="4549","桓達","84.1","0.79","1.62","0.68","1.71"
="4550","長佳","18.8","0.54","0.1","-0.47","0.69"
="4551","智伸科","173","1.25","2.06","1.54","1.69"
="4552","力達-KY","101.5","2.52","2.97","1.93","2.33"
="4554","橙的","28","0.49","0.07","-0.68","-0.33"
="4555","氣立","62.4","0.63","0.15","0.04","0.89"
="4556","旭然","31.55","0","0.08","-0.21","0.28"
="4557","永新-KY","70.4","1.74","2.24","1.26","2.02"
="4560","強信-KY","42.3","","","0.8","1"
="4562","穎漢","41.45","","","0.29","0.72"
="4609","唐鋒","10.15","0.45","-0.51","-0.67","-0.53"
="4702","中美實","5.9","-0.08","-3.74","-0.1","-0.18"
="4706","大恭","21.45","0.51","0.55","0.36","0.47"
="4707","磐亞","9.17","0.35","0.27","0.12","0.21"
="4711","永純","17.05","0.35","0.52","0.43","0.14"
="4712","南璋","10.7","-0.11","-0.33","-0.13","-0.24"
="4714","永捷","17.35","0.26","0.06","0","0"
="4716","大立","23.8","0.08","0.15","0","0.05"
="4720","德淵","14.3","0.19","0.33","-0.06","0.19"
="4721","美琪瑪","115","0.28","0.65","0.14","1.24"
="4722","國精化","33.5","0.8","0.83","0.51","0.79"
="4725","信昌化","21","-0.29","-0.15","0.14","-0.88"
="4726","永昕","28.65","-0.21","-0.21","-0.66","-0.21"
="4728","雙美","27.7","0.07","0.21","0.06","0.08"
="4729","熒茂","25.25","0.56","0.21","0.85","0.72"
="4735","豪展","49.6","0.8","1.02","0.65","0.75"
="4736","泰博","90","1.13","1.54","0.61","0.78"
="4737","華廣","55.1","0.86","1.13","0.41","0.49"
="4739","康普","125.5","0.46","0.26","1.28","1.08"
="4741","泓瀚","77","","","0.44","0.82"
="4743","合一","22.95","0.42","-0.18","-0.21","-0.2"
="4745","合富-KY","41.3","0.51","0.89","0.53","1.11"
="4746","台耀","79.6","1.09","1.56","0.58","1.34"
="4747","強生","37.8","0.39","0.54","0.52","0.48"
="4754","國碳科","41.05","0.84","0.81","0.41","0.83"
="4755","三福化","51.9","0.81","0.68","0.8","1.11"
="4763","材料-KY","175","1.21","1.92","1.31","0.81"
="4803","VHQ-KY","137.5","3.27","1.98","2.54","3.02"
="4804","大略-KY","47.15","0.07","2.15","0.45","1.17"
="4806","昇華","61.1","-0.08","1.04","0.78","0.75"
="4807","日成-KY","50.8","","","1.06","0.57"
="4903","聯光通","28.85","-0.15","0.09","-0.24","-0.1"
="4904","遠傳","70.8","0.98","0.67","0.87","0.9"
="4905","台聯電","70.8","2.66","-0.1","0.9","5.92"
="4906","正文","24.8","0.7","0.5","0.63","0.14"
="4907","富宇","41.8","0","0.07","3.13","0.66"
="4908","前鼎","18.6","0.09","0.37","0.22","0.26"
="4909","新復興","19","0.42","0.7","0.02","0.47"
="4911","德英","54.6","-0.11","-0.03","-0.23","0.04"
="4912","聯德控股-KY","196","1.53","0.35","0.68","1.91"
="4915","致伸","75.7","1.28","1.19","0.95","1.05"
="4916","事欣科","35.2","0.81","0.33","0.08","0.58"
="4919","新唐","76.1","0.69","0.63","0.44","1.19"
="4924","欣厚-KY","8.7","-0.27","-0.19","-0.36","-0.17"
="4927","泰鼎-KY","22.9","0.88","-0.52","0.52","0.03"
="4930","燦星網","12.95","0.12","-0.14","-0.18","-0.57"
="4933","友輝","23.1","0.56","0.84","-0.31","0.31"
="4934","太極","12.65","-1.09","-0.56","-0.77","-1.13"
="4935","茂林-KY","44.3","1.91","0.86","0.57","0.64"
="4938","和碩","74","2.09","2.27","1.51","1.34"
="4939","亞電","19","0.2","0.54","0.18","0.29"
="4942","嘉彰","24","0.6","0.22","0.35","0.65"
="4943","康控-KY","375.5","0.51","0.54","0.19","0.25"
="4944","兆遠","16.65","-0.73","-0.72","-0.74","-0.99"
="4946","辣椒","45.9","-0.77","0.28","0.1","1.94"
="4947","昂寶-KY","221","4.27","3.72","1.56","3.44"
="4950","牧東","18.2","0.54","1.28","-0.94","-1.16"
="4952","凌通","63.5","0.93","0.62","0.47","1.23"
="4953","緯軟","27.6","0.34","0.62","0.33","0.58"
="4956","光鋐","25.25","0.25","0.15","0.02","0.25"
="4958","臻鼎-KY","73.3","1.76","1.75","0.44","0.24"
="4960","奇美材","13.25","-0.86","-0.36","-0.87","-0.48"
="4965","商店街","54.1","0.12","0.12","-0.3","-2.71"
="4966","譜瑞-KY","571","4.03","4.61","4.92","5.95"
="4968","立積","103","0.55","0.91","-0.91","1.36"
="4971","IET-KY","84.2","0.57","0.64","0.49","1.18"
="4972","湯石照明","30.7","0.8","0.44","0.44","0.58"
="4973","廣穎","21","0.26","0.72","0.07","0.03"
="4974","亞泰","51.3","1.82","1.36","0.72","1.33"
="4976","佳凌","45.5","0.09","-0.21","0.01","0.04"
="4977","眾達-KY","116.5","1.17","1.98","1.61","1.36"
="4979","華星光","29.35","-1.41","-1","-2.1","-2.03"
="4984","科納-KY","33.35","2.09","0.93","0.21","0.06"
="4987","科誠","66.1","0.99","1.31","0.78","1.78"
="4991","環宇-KY","70.7","1.67","0.99","1.35","0.91"
="4994","傳奇","53.7","-0.53","-0.12","-0.58","-0.5"
="4995","晶達","38.6","0.51","0.4","0.54","0.99"
="4999","鑫禾","49.65","1.92","2.3","0.37","1.44"
="5007","三星","59.8","0.95","0.89","0.96","0.83"
="5009","榮剛","20.85","0.18","0.31","0.07","0.15"
="5011","久陽","15.95","0.07","-0.27","-0.89","-0.86"
="5013","強新","28.6","0.74","0.79","0.9","0.39"
="5014","建錩","19.4","0.18","2.23","0.16","-1.01"
="5015","華祺","31.5","0.36","1.07","0.34","1.01"
="5016","松和","34.8","0.98","0.96","1.06","0.86"
="5102","富強","15.5","0.21","0.21","0.27","0.32"
="5201","凱衛","20.5","0.28","0.36","-0.45","0.08"
="5202","力新","25.5","0.09","0.08","0.03","0.16"
="5203","訊連","62.5","0.33","1.23","0.39","0.77"
="5205","漢康","14.5","-0.2","-0.34","-0.18","-0.38"
="5206","坤悅","9.81","1.27","-0.15","1.02","0.08"
="5209","新鼎","47.5","0.71","0.75","0.76","1.03"
="5210","寶碩","6.9","-0.02","0.19","-0.19","-0.2"
="5211","蒙恬","22.5","0.17","0.2","0.16","0.15"
="5212","凌網","24.6","0.59","0.69","-0.7","0.18"
="5213","亞昕","16.7","-0.26","1.62","-0.23","-0.26"
="5215","科嘉-KY","27.05","0.47","1.2","-0.64","0.11"
="5225","東科-KY","30.45","1.54","0.66","0.15","-0.7"
="5227","立凱-KY","27.25","0.43","-0.13","-0.27","-0.3"
="5230","雷笛克光學","46.15","0.74","1.02","0.52","0.97"
="5234","達興材料","54.4","1.14","1.23","1.05","0.98"
="5243","乙盛-KY","52.8","0.62","0.58","0.55","0.6"
="5245","智晶","117","1.25","1.29","1.56","1.31"
="5251","天鉞電","23.1","0.27","0.57","0.08","-0.12"
="5255","美桀","56.8","1","1.1","0.76","1.03"
="5258","虹堡","28.5","0.37","0.73","0.11","-0.09"
="5263","智崴","283","0.45","1.79","1.01","1.33"
="5264","鎧勝-KY","120","1.08","3.18","1.01","1.1"
="5269","祥碩","363.5","2.01","2.14","2.03","-0.27"
="5272","笙科","44.75","0.42","0.45","0.32","0.44"
="5274","信驊","687","3.69","4.68","3.04","3.75"
="5276","達輝-KY","22.4","0.4","0.78","0.26","0.47"
="5278","尚凡","49.3","-1.57","-1.29","-1.46","-0.58"
="5281","大峽谷-KY","35.95","1.5","0.35","-0.06","1.09"
="5284","jpp-KY","64","0.91","1.19","1","1.84"
="5285","界霖","81.2","0.53","0.76","0.26","0.88"
="5287","數字","239","3.72","3.47","2.68","6.57"
="5288","豐祥-KY","93.7","1.62","2.18","1.52","1.65"
="5289","宜鼎","126","1.63","2.07","1.62","2.88"
="5291","邑昇","15.65","-0.11","-0.24","-0.27","0.34"
="5301","寶得利","26.6","-0.47","-0.72","-0.35","-0.31"
="5302","太欣","6.41","-0.04","-0.03","0.22","-0.1"
="5304","鼎創達","2.5","-0.76","0.03","-1.17","0.3"
="5305","敦南","37.85","0.55","0.28","0.27","0.57"
="5306","桂盟","133","1.95","2.16","2.06","2.17"
="5309","系統電","9.12","-0.18","-1.13","-0.45","-0.07"
="5310","天剛","28.6","-0.03","-0.19","-0.04","0.05"
="5312","寶島科","64.2","1.98","0.92","1.72","0.78"
="5314","世紀","5","-0.34","-0.37","-0.58","-0.46"
="5315","光聯","15.85","0.89","1.13","0.11","0.43"
="5317","凱美","32.5","0.04","-0.03","0.18","0.9"
="5321","友銓","21.15","0.18","0.79","-0.5","-0.09"
="5324","士開","10.1","-0.39","-0.3","-0.43","0.01"
="5328","華容","10.7","0.15","0.09","0.05","-0.1"
="5340","建榮","12.5","0.06","0.08","0.09","0.2"
="5344","立衛","6.74","-0.21","-0.31","-0.15","-0.03"
="5345","天揚","7.35","0.27","-1.24","0.27","-0.58"
="5347","世界","59.2","0.8","0.83","0.7","0.6"
="5348","系通","4.28","-0.54","-0.15","-0.55","-0.42"
="5349","先豐","27.15","-0.07","-0.12","-0.21","0.21"
="5351","鈺創","15.55","-0.36","-0.27","-0.51","-0.3"
="5353","台林","12.4","0.06","0.17","-0.2","0.18"
="5355","佳總","7.95","-0.08","0.13","-0.09","-0.04"
="5356","協益","42.2","1.02","1.05","1.01","1.21"
="5364","力麗店","22.7","1.03","0.61","-0.57","-0.36"
="5371","中光電","34.8","1.35","1.53","0.64","0.6"
="5381","合正","5.01","0.03","0.06","0.04","-1.57"
="5383","金利","9.58","-0.35","-0.34","-0.41","-0.15"
="5386","青雲","33.5","0.75","0.83","0.16","0.57"
="5388","中磊","81.2","1.72","1.71","0.94","1.31"
="5392","應華","52.5","0.18","-0.5","0.71","0.1"
="5398","慕康生醫","30","0","0.34","0.52","0.15"
="5403","中菲","36.75","0.41","0.94","1.02","0.85"
="5410","國眾","13.45","0.32","0.39","0.3","0.32"
="5425","台半","68.1","0.77","1.06","0.78","0.83"
="5426","振發","16.9","0.23","0.38","-0.11","0.21"
="5432","達威","23.7","-0.02","0.29","-0.35","0.13"
="5434","崇越","73.8","1.84","1.88","1.53","1.33"
="5438","東友","16.35","0.89","0.31","0.21","0.51"
="5439","高技","31","0.46","0.67","0.52","0.69"
="5443","均豪","23.65","0.13","-0.03","0.19","0.11"
="5450","寶聯通","7.35","-0.03","0.06","-0.2","0.06"
="5452","佶優","10.25","0.08","0.17","-0.08","0.15"
="5455","昇益","7.61","-0.05","-0.41","-0.16","-0.03"
="5457","宣德","53.4","-0.06","0.07","-0.15","0.12"
="5460","同協","12.95","0.08","0.16","0.11","0.22"
="5464","霖宏","12.85","-0.48","1.13","-2.18","0.11"
="5465","富驊","26.9","0.13","0.45","0.13","0.12"
="5468","凱鈺","4.86","-0.3","-0.46","-0.27","-0.24"
="5469","瀚宇博","18.1","0.92","0.76","0.28","0.14"
="5471","松翰","37.4","0.43","0.4","0.19","0.51"
="5474","聰泰","49.4","1.5","2.34","0.56","0.7"
="5475","德宏","9.49","-0.56","-2.24","0.39","0.14"
="5478","智冠","74.5","0.57","0.73","1.53","0.53"
="5480","統盟","12.3","0.41","0.27","0.19","0.03"
="5481","華韡","20.35","0.12","0.93","0.11","-0.19"
="5483","中美晶","83","-2.27","-1.37","-0.7","0.22"
="5484","慧友","4.97","0.12","-0.13","-0.23","-0.08"
="5487","通泰","26.4","0.44","0.46","0.04","0.48"
="5488","松普","7.8","0.29","0.27","0.15","-0.12"
="5489","彩富","38","0.09","1.2","0.09","0.58"
="5490","同亨","48","0.9","2.46","0.54","0.66"
="5491","連展","9.59","-0.04","4.87","0.09","-0.41"
="5493","三聯","27","0.92","0.78","0.19","0.47"
="5498","凱崴","12.35","0.02","0.24","-0.11","0.03"
="5508","永信建","32.9","0.69","0.73","0.59","0.9"
="5511","德昌","19.95","0.31","1.66","0.32","0.4"
="5512","力麒","9.33","0.02","0.07","0.93","-0.03"
="5514","三豐","9.52","0.16","0.02","0.19","0.08"
="5515","建國","11.6","0.06","0.05","0.03","0.08"
="5516","雙喜","9.27","0.18","-0.62","-0.04","-0.09"
="5519","隆大","10.3","0.1","0.36","0.43","0.21"
="5520","力泰","27.3","0.53","0.35","0.54","0.32"
="5521","工信","11.95","0.09","0.1","0.04","0.04"
="5522","遠雄","32.1","1.56","-1.09","0.22","0.69"
="5523","豐謙","13.1","0.06","0.14","0.1","0.54"
="5525","順天","14.9","0.22","0.05","-0.08","0.09"
="5529","志嘉","8.85","-0.3","-0.46","-0.56","-0.33"
="5530","龍巖","75.7","0.78","0.57","0.58","1.04"
="5531","鄉林","10.45","0.01","0.66","-0.12","-0.11"
="5533","皇鼎","15.6","0.08","0.23","0.06","0.17"
="5534","長虹","77","4.73","1.79","2.23","2.01"
="5536","聖暉","183","2.96","2.42","4.47","5.27"
="5538","東明-KY","35.45","0.59","1.15","0.87","0.52"
="5543","崇佑-KY","21.3","-0.38","-0.16","-0.74","-0.22"
="5601","台聯櫃","22","0.09","0.05","0.09","0.06"
="5603","陸海","12.3","0.23","0.18","0.21","0.28"
="5604","中連貨","29.75","0.17","0.3","0.05","0.03"
="5607","遠雄港","15.1","0.38","0.22","0.31","0.24"
="5608","四維航","8.8","-0.42","-0.71","-0.66","-0.93"
="5609","中菲行","22.15","0.57","0.44","0.35","0.42"
="5701","劍湖山","2.1","-0.5","-0.26","-0.38","-0.41"
="5703","亞都","25.1","-0.25","0.6","0.14","-0.09"
="5704","老爺知","23.7","0","-0.14","0.23","-0.18"
="5706","鳳凰","34.55","1.15","0.49","0.34","0.81"
="5820","日盛金","8.5","0.14","0.09","0.12","0.16"
="5871","中租-KY","86","1.68","1.57","1.89","1.93"
="5878","台名","43.2","1.11","0.76","1.07","0.68"
="5880","合庫金","16.3","0.32","0.27","0.29","0.32"
="5902","德記","12.1","0.18","0.08","0.04","0.08"
="5903","全家","181","2.36","1.04","0.53","1.93"
="5904","寶雅","377","3.62","3.05","3.41","3.01"
="5905","南仁湖","7.33","0.27","-0.14","0.14","0.04"
="5906","台南-KY","8","-1.1","-1.64","-0.6","-0.32"
="5907","大洋-KY","22.4","-0.39","1.64","0.52","-0.07"
="6005","群益證","10.5","0.2","0.08","0.24","0.25"
="6015","宏遠證","7.7","-0.01","-0.2","0.06","0.04"
="6016","康和證","8.25","0.09","-0.36","0.2","-0.08"
="6020","大展證","14.6","0.16","-0.08","0.36","0.01"
="6021","大慶證","10.45","0.09","-0.04","0.16","0.13"
="6023","元大期","40.7","0.77","0.92","0.7","0.78"
="6024","群益期","45.9","0.99","0.99","0.66","1.33"
="6026","福邦證","12.55","0.39","-0.05","0.43","0.57"
="6101","寬魚國際","50.9","-0.22","-0.46","-0.18","0.64"
="6103","合邦","8.86","-0.01","0.04","0.1","0.12"
="6104","創惟","43.35","0.77","0.66","-0.21","0.63"
="6107","華美","5.53","-0.1","0.09","-0.79","0.01"
="6108","競國","29.5","0.97","1.08","0.57","0.65"
="6109","亞元","12.3","0.14","0.44","0.2","0.25"
="6111","大宇資","84.7","-0.11","-1.49","0.7","0.64"
="6112","聚碩","29.05","0.63","0.63","0.6","0.71"
="6113","亞矽","9.34","1.04","0.01","-0.31","-0.15"
="6114","久威","69","1.32","3.58","1.71","2.11"
="6115","鎰勝","43.35","1.11","1.26","0.14","0.88"
="6116","彩晶","10.7","0.73","1.03","0.57","0.32"
="6117","迎廣","19","-0.11","-0.95","-0.83","-0.72"
="6118","建達","6.99","0.05","0.08","-0.1","0.01"
="6120","達運","26.85","0.19","0.14","0.21","0.12"
="6121","新普","181.5","2.33","2.59","1.8","1.82"
="6122","擎邦","11.2","-0.15","-0.09","0.21","0"
="6123","上奇","46.2","0.73","0.8","0.25","0.79"
="6124","業強","25.3","-0.07","0.07","-0.55","-0.29"
="6125","廣運","10.45","-0.76","-1.01","-0.79","-0.41"
="6126","信音","14.45","0.37","0.39","0.3","0.31"
="6127","九豪","17.2","0.23","0.02","0.16","0.06"
="6128","上福","41.65","0.89","1.05","0.54","0.83"
="6129","普誠","8.6","-0.05","-0.02","-0.12","-0.07"
="6130","星寶國際","49","-0.03","0.19","-0.03","-0.06"
="6131","悠克","21.25","-0.02","-0.42","-0.16","-0.14"
="6133","金橋","10.8","0.01","0.07","-0.08","0.09"
="6134","萬旭","15.95","0.15","0.16","0.1","0.34"
="6136","富爾特","24.1","1.51","-0.04","0.63","0.02"
="6138","茂達","46.65","0.7","0.33","0.48","0.6"
="6139","亞翔","37.65","0.43","0.9","0.68","1"
="6140","訊達","13.35","-0.18","-0.17","-0.25","0.04"
="6141","柏承","18.75","-0.28","0.04","0.37","0.51"
="6142","友勁","8.33","-0.17","0.03","-0.21","-0.03"
="6143","振曜","53.4","-0.19","4.02","-3.21","1.27"
="6144","得利影","9.6","0","-0.4","-0.09","0.03"
="6145","勁永","13.1","-0.01","0.01","-0.09","-0.09"
="6146","耕興","156","1.85","1.93","1.62","2.08"
="6147","頎邦","57.3","0.87","1.28","0.41","0.78"
="6148","驊宏資","5.01","-0.52","-1.07","-0.57","-0.56"
="6150","撼訊","73.7","0.13","-0.1","-1.28","0.98"
="6151","晉倫","24.3","0.5","0.75","0.67","0.52"
="6152","百一","9.04","0.09","0.18","0.02","0.05"
="6153","嘉聯益","41","0.13","0.35","-0.26","0"
="6154","順發","16.6","0.37","0.19","0.43","0.19"
="6155","鈞寶","18.85","0.13","0.42","-0.37","0.36"
="6156","松上","26.15","0.48","0.55","0.14","1.04"
="6158","禾昌","19.05","0.43","0.38","0.15","0.1"
="6160","欣技","18.9","0.01","0.09","-0.79","-0.46"
="6161","捷波","14.7","0.24","0.33","0.29","0.35"
="6163","華電網","14.25","-0.39","1.52","-0.41","-0.43"
="6164","華興","13.95","0.07","0.06","0.14","0.22"
="6165","捷泰","38.55","-0.18","-0.04","-0.24","-0.04"
="6166","凌華","67.7","0.23","1.08","0.11","0.56"
="6167","久正","8.5","0.15","0.38","0.2","0.23"
="6168","宏齊","17.8","0.12","0.18","-0.07","0.34"
="6169","昱泉","42.85","-1.78","-0.73","-0.95","-0.14"
="6170","統振","12.75","0.09","0.18","-0.05","-0.03"
="6171","亞銳士","10.65","-0.04","0","0.03","0.08"
="6172","互億","10.35","-0.07","1.04","-0.2","0"
="6173","信昌電","34.05","0.34","0.26","0.35","0.49"
="6174","安碁","13.4","0.22","0.35","0","0.2"
="6175","立敦","27.85","0.18","0.28","0.14","0.36"
="6176","瑞儀","64.7","2.32","2.34","1.55","1.64"
="6177","達麗","34.25","0.13","0.23","-0.21","4.06"
="6179","亞通","46.1","0.92","1.19","0.86","0.64"
="6180","橘子","92.1","-1.94","-0.22","0.34","0.17"
="6182","合晶","43.1","-0.18","-2.99","0.03","0.15"
="6183","關貿","30.15","0.37","0.3","0.34","0.56"
="6184","大豐電","35.15","-0.22","-0.12","0.3","0.56"
="6185","幃翔","20.15","0.64","0.79","0.35","0.32"
="6186","新潤","17.45","2.27","0.14","0.23","-0.3"
="6187","萬潤","65","2.11","0.53","0.26","1.46"
="6188","廣明","37.8","0.27","0.69","0.25","0.41"
="6189","豐藝","27.8","0.5","0.83","0.11","0.51"
="6190","萬泰科","14.7","0.36","0.18","0.23","0.25"
="6191","精成科","13.85","0.36","0.43","-0.05","0.12"
="6192","巨路","57.5","1.02","1.31","1.24","0.67"
="6194","育富","19.8","-0.99","0.31","-0.13","-0.27"
="6195","詩肯","56.2","0.82","1.34","1.12","0.98"
="6196","帆宣","39.1","0.7","1.09","0.93","0.76"
="6197","佳必琪","32.65","0.81","0.81","0.37","0.54"
="6198","凌泰","22","-0.44","-0.59","-0.7","-0.26"
="6199","天品","24.85","0.02","0.08","0.04","0.21"
="6201","亞弘電","29.7","0.84","0.99","0.17","0.5"
="6202","盛群","77","0.92","0.92","0.82","1.01"
="6203","海韻電","30.15","0.51","0.76","-0.21","0.42"
="6204","艾華","22.9","0.35","0.4","0.18","0.68"
="6205","詮欣","32.35","1.57","0.7","0.28","0.64"
="6206","飛捷","85.8","1.21","1.62","0.85","1.68"
="6207","雷科","29.3","0.38","0.9","0.77","0.68"
="6208","日揚","27.7","0.37","0.2","0.25","0.56"
="6209","今國光","39.05","0.29","0","0.01","-0.32"
="6210","慶生","44.6","0.3","1.1","1.31","0.86"
="6212","理銘","27","0.94","0.54","0.38","0.29"
="6213","聯茂","59.6","0.83","0.75","0.98","0.89"
="6214","精誠","58.2","2.67","0.77","1.35","0.98"
="6215","和椿","19.7","-0.32","0.39","0","0.61"
="6216","居易","28.75","0.72","0.7","0.4","0.79"
="6217","中探針","34.1","0.67","1.26","0.3","0.7"
="6218","豪勉","18.55","0.1","0.5","0.1","0.25"
="6219","富旺","10.65","0.4","0.41","-0.24","0.14"
="6220","岳豐","56.1","1.68","0.7","0.64","0.88"
="6221","晉泰","25","0.18","0.48","0.31","0.44"
="6222","上揚","9.48","-3.69","-0.33","-0.13","1.17"
="6223","旺矽","71.5","2.59","1.94","1.34","0.66"
="6224","聚鼎","55.3","1.36","1.14","0.8","1.07"
="6225","天瀚","3.63","-0.03","-0.07","-0.04","-0.02"
="6226","光鼎","11.2","0.13","0.38","0.04","0.23"
="6227","茂綸","19","0.18","0.18","0.58","0.21"
="6228","全譜","10.05","-0.29","-0.54","-0.54","-0.52"
="6229","研通","19.35","0.36","0.08","-0.16","0.22"
="6230","超眾","97.2","1.94","3.23","1.3","1.05"
="6231","系微","57.2","-0.45","0.43","0.05","0.22"
="6233","旺玖","11.1","-0.22","0.02","-0.43","-0.08"
="6234","高僑","18.15","-0.03","0.12","-0.13","0.23"
="6235","華孚","17","0.19","7.57","-0.05","-0.06"
="6236","康呈","23.75","-0.36","-0.11","-0.59","-0.43"
="6237","驊訊","28.6","0.6","0.1","-0.31","2.83"
="6238","勝麗","250","1.43","3.18","2.06","2.12"
="6239","力成","95","1.7","1.84","1.5","1.81"
="6240","松崗","26.2","1.28","0.06","-0.14","-0.04"
="6241","易通展","13.1","-0.64","0.03","-0.41","-0.33"
="6242","立康","57.5","0.4","1.06","0.66","1.15"
="6243","迅杰","21.75","-0.47","-0.14","-0.75","-0.34"
="6244","茂迪","22.85","-2.05","-2.11","-2.07","-1.43"
="6245","立端","44.45","1.02","1.33","0.5","0.51"
="6246","臺龍","17.85","0.16","6.22","0.12","0.49"
="6247","淇譽電","11.4","0.04","0.23","-0.14","-0.44"
="6248","沛波","18.5","-0.19","0.1","0.32","0.04"
="6251","定穎","12.25","-0.15","0.16","0.04","0.13"
="6257","矽格","28.4","0.7","0.6","0.43","0.54"
="6259","百徽","2.8","-0.22","-0.05","-0.26","-0.04"
="6261","久元","57.1","0.71","0.71","0.31","1.22"
="6263","普萊德","60.1","0.94","1.19","1.05","1.16"
="6264","富裔","6.1","-0.07","2.01","0.27","-0.31"
="6265","方土昶","6.9","-0.06","0.1","-0.27","0.04"
="6266","泰詠","13.55","0.03","0.47","-0.01","0.4"
="6269","台郡","118.5","2.71","3.8","0.87","1.27"
="6270","倍微","13.1","0.09","0.1","0.06","0.07"
="6271","同欣電","141","1.39","1.9","0.55","1.22"
="6274","台燿","73.6","0.76","1.11","1.3","1.06"
="6275","元山","19","0.25","0.08","0.1","0.66"
="6276","安鈦克","12.5","-0.24","0.19","-0.39","-0.01"
="6277","宏正","79.6","1.82","1.54","1.52","1.22"
="6278","台表科","29.7","0.62","0.47","0.29","0.66"
="6279","胡連","162","2.09","3.58","2.78","2.26"
="6281","全國電","62.5","0.93","0.55","1.43","1.36"
="6282","康舒","22.85","0.21","0.24","0.1","0.16"
="6283","淳安","44.85","0.4","0.5","0.2","0.02"
="6284","佳邦","28.25","0.75","0.32","-0.37","0.55"
="6285","啟碁","84","1.86","1.47","1.67","1.68"
="6287","元隆","4.56","-0.19","-0.24","-0.13","-0.03"
="6289","華上","2.6","-0.2","-0.18","-0.27","0.21"
="6290","良維","69.8","0.66","1.08","0.12","0.52"
="6291","沛亨","4.55","0.01","-0.36","-0.3","-0.39"
="6292","迅德","32.5","0.99","1.05","0.42","0.7"
="6294","智基","107","2.28","1.4","2.46","4.07"
="6298","崴強","21.05","0.91","0.56","0.22","0.51"
="6404","通訊-KY","17.5","-0.98","-3.16","-1.88","-3.53"
="6405","悅城","24.1","-0.15","0.63","-0.56","0.28"
="6409","旭隼","515","4.22","4.77","4.07","4.54"
="6411","晶焱","85.6","0.87","2.44","0.8","1.66"
="6412","群電","65.2","0.3","2.2","0.61","1.11"
="6414","樺漢","444","3.5","3.61","2.43","3.75"
="6415","矽力-KY","681","4.96","6.38","4.34","5.9"
="6417","韋僑","37.4","0.72","0.9","0.29","0.4"
="6419","京晨科","14.55","0.04","0.6","-0.32","-0.19"
="6422","君耀-KY","65","1.93","2.16","0.87","1.18"
="6426","統新","88","0.37","1.47","0.99","0.84"
="6431","光麗-KY","11.65","-0.94","-2.1","-0.64","-0.64"
="6432","今展科","18.65","0.38","0.45","-0.74","0.41"
="6435","大中","124","0.9","1.28","0.76","1.05"
="6438","迅得","79.3","0.64","0.04","1.1","1.9"
="6441","廣錠","77.2","","","0.35","0.55"
="6442","光聖","42.5","0.84","1.1","0.32","0.13"
="6443","元晶","12.55","-0.48","-0.04","-0.62","-0.41"
="6446","藥華藥","151","-1.06","-1.17","-1.04","-0.94"
="6449","鈺邦","39.2","0.72","1.04","0.16","0.73"
="6451","訊芯-KY","136","1.57","2.39","0.54","0.57"
="6452","康友-KY","418","3.34","3.8","3.23","3.73"
="6456","GIS-KY","241","3.2","5.25","3.04","4.59"
="6457","紘康","40","0.52","0.5","0.18","0.53"
="6462","神盾","230.5","0.31","2.62","2.65","1.07"
="6464","台數科","116.5","1.55","1.17","1.48","0.98"
="6465","威潤","73.8","0.26","0.52","0.55","0.77"
="6469","大樹","85.7","0.99","1.04","0.65","0.83"
="6470","宇智","39.3","0.94","2.24","0.37","1.17"
="6472","保瑞","33.6","0.35","0.4","0.13","0.05"
="6477","安集","23.3","-0.81","0.03","-0.17","0.32"
="6482","弘煜科","34.8","0.12","-0.14","0.02","0"
="6485","點序","34.1","1.19","0.15","-0.33","-0.93"
="6486","互動","49.5","0.73","1.68","0.76","0.63"
="6488","環球晶","368.5","1","-0.46","0.95","3.09"
="6492","生華科","70.9","-0.9","-1.16","-1.2","-0.95"
="6494","九齊","66.4","0.63","1.01","0.64","1.62"
="6496","科懋","79.2","1.5","1.2","1.35","1.56"
="6497","亞獅康-KY","38","","","-2.17","-2.3"
="6499","益安","96","-1.11","-1.49","-1.08","-1.17"
="6504","南六","156.5","2.01","2.5","1.84","1.56"
="6505","台塑化","106","1.75","2.39","2.37","1.27"
="6506","雙邦","21.75","0.36","0.44","0.53","0.55"
="6508","惠光","26.6","0.39","0.44","0.32","0.56"
="6509","聚和","19.25","-0.03","0.17","-0.02","0.19"
="6510","精測","1135","6.6","4.59","6.11","6.62"
="6512","啟發電","20.7","0.55","0.48","-0.04","0.22"
="6514","芮特-KY","35","0.49","0.99","0.76","0.52"
="6523","達爾膚","128","1.58","2.24","1.48","0.37"
="6525","捷敏-KY","85","1.07","1.79","1.02","1.37"
="6531","愛普","76","0.09","3.16","0.35","1.46"
="6532","瑞耘","28.4","0.31","0.54","0.09","0.54"
="6533","晶心科","118.5","-0.17","0.52","0.01","0.08"
="6535","順藥","30.4","-0.87","-0.68","-0.49","-0.72"
="6538","倉和","38.3","0.31","1.2","0.11","-0.07"
="6541","泰福-KY","84.5","","","-1.81","-1.8"
="6542","隆中","54.5","0.59","0.18","1.85","0.64"
="6548","長華科","435.5","0.29","0.47","0.08","2.94"
="6552","易華電","42.65","0.37","0.38","-0.26","0.05"
="6554","中美冠科-KY","40.25","0.65","0.61","0.13","0.42"
="6556","勝品","42.8","","","0.49","-0.32"
="6560","欣普羅","36.5","0.57","0.58","-0.95","0.29"
="6568","宏觀","183.5","2.82","2.14","2.07","2.21"
="6569","醫揚","162","1.85","4.48","1","2.16"
="6573","虹揚-KY","83.2","","","",""
="6574","霈方","132","","","1.3","2.08"
="6577","勁豐","58.3","1.03","1.48","0.73","0.81"
="6579","研揚","90.6","1.46","1.34","0.85","2.14"
="6582","申豐","51","","","0.69","1.4"
="6593","台灣銘板","57.3","","","0.71","0.85"
="6594","展匯科","36.15","","","0.37","0.39"
="6603","富強鑫","14.85","0.13","0.22","0.23","0.29"
="6605","帝寶","83.6","0.71","2.6","0.5","1.72"
="6609","瀧澤科","23.3","0","0.61","-0.42","0.63"
="6803","崑鼎","166.5","3.25","2.28","2.67","3.08"
="7402","邑錡","54.1","0.39","1.06","-0.35","0.81"
="8011","台通","20.65","0.21","0.5","0.34","0.11"
="8016","矽創","84.4","2.53","2.41","1.38","1.74"
="8021","尖點","21.85","0.45","0.46","0.39","0.32"
="8024","佑華","12.1","0.01","0.12","-0.27","0.38"
="8027","鈦昇","35","-0.35","-0.67","-0.23","-0.04"
="8032","光菱","23.05","0.52","0.73","-0.11","1.06"
="8033","雷虎","10.2","-0.21","-1.06","-0.16","-0.2"
="8034","榮群","12.45","-0.09","0.23","-0.23","0.63"
="8038","長園科","43.65","-0.58","-0.53","-1.07","-0.63"
="8039","台虹","46.45","0.67","0.92","0.48","0.94"
="8040","九暘","7.6","-0.54","-0.15","-0.23","0.02"
="8042","金山電","54.2","1.9","1.25","1.28","0.97"
="8043","蜜望實","21.7","0.12","0.7","-0.46","0.19"
="8044","網家","134","1.54","1.33","1.85","1.17"
="8046","南電","28.45","-1.43","1.2","-1.38","-0.27"
="8047","星雲","11.9","0.34","0.1","0.37","0.13"
="8048","德勝","31.3","0.43","0.87","0.26","0.6"
="8049","晶采","17.6","0.27","0.49","0.34","0.53"
="8050","廣積","54.6","1.33","0.83","0.64","0.54"
="8054","安國","20.5","-0.09","-0.17","-0.35","1.37"
="8059","凱碩","11.45","0","-0.2","-0.36","-0.45"
="8064","東捷","15.9","0.41","0.68","0.11","-0.06"
="8066","來思達","128.5","2.63","3.2","1.73","2.23"
="8067","志旭","5.73","-0.07","-2.11","0.06","-0.05"
="8068","全達","31.25","0.99","0.28","0.05","-0.02"
="8069","元太","42.2","0.45","0.79","0.14","0.71"
="8070","長華","141.5","2.25","1.76","5.22","3.12"
="8071","能率網通","20.3","-0.1","0.21","0.06","0.44"
="8072","陞泰","22.25","0.05","-0.07","-0.1","0.02"
="8074","鉅橡","27.4","0.55","0.72","0.27","0.47"
="8076","伍豐","45.6","0.36","0.13","0.03","0.2"
="8077","洛碁","22.2","-0.38","-0.83","0.12","-0.03"
="8080","奧斯特","11.95","-0.27","-0.38","-0.61","-0.35"
="8081","致新","73.6","1.17","1.53","1.01","0.92"
="8083","瑞穎","142.5","2.74","2.4","1.86","2.38"
="8084","巨虹","36.2","0.05","0.37","-0.63","0.07"
="8085","福華","5.72","1.36","-0.25","-0.19","-0.01"
="8086","宏捷科","58.4","0.17","0.38","0.43","0.59"
="8087","華鎂鑫","11.3","0.06","-0.01","0.02","0.14"
="8088","品安","21.2","0.02","0.73","-0.4","0.17"
="8091","翔名","96.6","1.17","1.23","1.26","1.38"
="8092","建暐","8.52","-0.15","-0.18","-0.12","-0.23"
="8093","保銳","7.25","0.08","-0.13","-0.27","-0.03"
="8096","擎亞","16.6","-0.71","0.73","0.06","0.47"
="8097","常珵","10.5","-0.14","-0.02","-0.14","-0.04"
="8099","大世科","20.35","0.25","0.5","0.45","0.55"
="8101","華冠","3.79","-0.91","-1.64","-0.47","0.01"
="8103","瀚荃","32.95","0.79","1.17","0.33","0.76"
="8105","凌巨","22.35","0.06","0.61","0.24","0.46"
="8107","大億金茂","49.9","0.31","-1.2","0.31","0.65"
="8109","博大","67.3","0.8","1.8","-0.11","1.77"
="8110","華東","17.25","0.22","0.67","0.13","0.19"
="8111","立碁","8.31","-0.14","0","0.01","0.04"
="8112","至上","31.9","1.1","1.22","0.86","0.94"
="8114","振樺電","134.5","1.41","3.81","1.25","2.09"
="8121","越峰","22.15","-0.48","-1.73","-0.4","0.17"
="8131","福懋科","33.95","0.67","0.62","0.52","0.65"
="8147","正淩","30","0.66","0.58","0.36","0.26"
="8150","南茂","28.25","0.3","0.71","2.82","0.38"
="8155","博智","77.1","0.65","0.98","0.73","1.43"
="8163","達方","29.15","0.6","0.57","0.3","0.51"
="8171","天宇","12.3","-1.19","0.03","-0.69","-0.28"
="8176","智捷","11","0.13","0.09","0.01","0.07"
="8182","加高","20.6","0.22","0.48","0.21","0.49"
="8183","精星","27","0.44","0.55","0.19","0.54"
="8201","無敵","14.1","-0.68","-0.34","-0.69","-0.38"
="8210","勤誠","47.15","1.12","1.55","1.04","0.87"
="8213","志超","34.05","0.85","1.11","0.55","0.69"
="8215","明基材","18.45","-1.03","0.17","0.48","0.23"
="8222","寶一","19.45","0.13","0.2","0.01","0.2"
="8234","新漢","35.2","0.25","0.64","-0.31","0.62"
="8240","華宏","21","-0.92","-4.11","0.02","-0.53"
="8249","菱光","25","1.02","0.3","0.37","0.5"
="8255","朋程","114","1.15","2.3","1.21","2.02"
="8261","富鼎","33.1","0.09","0.04","-0.27","0.12"
="8271","宇瞻","39.9","0.83","0.8","1.06","0.81"
="8277","商丞","9.66","-0.22","-0.74","-0.32","-0.15"
="8279","生展","146.5","1.6","1.15","0.97","2.12"
="8287","英格爾","12.25","0.68","0.56","-0.14","0.46"
="8289","泰藝","11.35","0.09","0.23","-0.31","0.25"
="8291","尚茂","5.25","-0.21","0","0.09","0.04"
="8299","群聯","345","7.61","7.48","6.5","8.07"
="8341","日友","217","1.28","1.66","1.35","2.3"
="8349","恒耀","123.5","1.23","1.91","1.66","1.78"
="8354","冠好","17.85","-0.04","0.64","-0.45","0.25"
="8358","金居","39.3","0.87","1.38","1.65","1.68"
="8374","羅昇","37.15","0.32","0.21","0.35","0.61"
="8383","千附","48","1.1","1.18","0.94","1.06"
="8390","金益鼎","18.65","-0.16","-0.01","-0.31","0.46"
="8401","白紗科","17.3","-0.58","0.61","0.06","0.43"
="8403","盛弘","38.1","0.55","0.27","0.32","0.64"
="8404","百和興業-KY","65.5","0.38","0.53","0.41","0.44"
="8406","金可-KY","183","5.16","3.04","4.2","1.81"
="8409","商之器","15.25","-0.46","0.14","-0.52","-0.64"
="8410","森田","37","0.59","1.35","-0.62","0.89"
="8411","福貞-KY","25.15","0.97","0.63","0.67","0.21"
="8415","大國鋼","24.05","0.13","0.15","0.23","0.43"
="8416","實威","95","1.4","3.04","1.22","2.3"
="8418","捷必勝-KY","15.8","-1.29","1.47","-1.13","-0.84"
="8420","明揚","18.3","0.24","0.65","-0.3","0.14"
="8421","旭源","16.35","0.19","0.53","-0.16","0.18"
="8422","可寧衛","173.5","3.43","2.85","3.1","3.18"
="8423","保綠-KY","19.5","0.05","0.48","0.19","0.42"
="8424","惠普","46.6","0.82","0.96","1","1.08"
="8426","紅木-KY","41.65","1.44","1.61","0.29","0.42"
="8427","基勝-KY","48.3","-1.09","0.97","2.05","-0.5"
="8429","金麗-KY","27.6","0.86","1.79","0.87","0.87"
="8431","匯鑽科","56.2","-0.45","-0.28","-0.58","-0.64"
="8432","東生華","69.9","0.06","0.2","0.33","0.49"
="8433","弘帆","78","1.57","2.1","1.01","1.8"
="8435","鉅邁","50.9","0.75","0.96","0.68","1.12"
="8436","大江","227.5","2.32","1.8","1.65","1.87"
="8437","大地-KY","180.5","2.93","2.93","2.73","2.56"
="8442","威宏-KY","67.9","0.18","0.23","-0.93","0.35"
="8443","阿瘦","13.7","-0.24","0.21","-0.58","-0.54"
="8444","綠河-KY","152","2.15","2.12","2.26","3.64"
="8446","華研","103","1.5","2.33","1.23","1.52"
="8450","霹靂","65.7","0.61","1.27","0.11","0.22"
="8454","富邦媒","201","1.81","2.07","2.21","2.52"
="8455","大拓-KY","23.2","0.59","0.24","0.74","0.49"
="8462","柏文","144","1.22","1.05","1.17","1.45"
="8463","潤泰材","17.7","0.33","0.39","0.1","0.22"
="8464","億豐","304","3.48","3.44","2.38","3.7"
="8466","美吉吉-KY","90.5","2.32","2.31","1.56","2.01"
="8467","波力-KY","35","0.61","0.55","-0.15","0.36"
="8472","夠麻吉","38.35","0.86","0.92","0.4","0.72"
="8473","山林水","59.4","0.87","1.08","1.08","0.63"
="8476","台境","40.25","0.18","0.36","0.27","0.38"
="8477","創業家","43.5","0.38","0.76","0.48","0.13"
="8480","泰昇-KY","128","2.41","2.61","1.94","1.41"
="8481","政伸","48.05","0.68","0.98","0.58","0.77"
="8488","吉源-KY","31.7","1.4","0.98","0.32","0.45"
="8489","三貝德","169.5","0.28","0.51","1.1","1.93"
="8905","裕國","17.05","1.58","1.39","0.65","0.56"
="8906","花王","6.15","0.03","-0.09","-0.1","-0.07"
="8908","欣雄","28","0.34","0.39","0.27","0.41"
="8913","全銓","117.5","1.15","-0.09","24.47","-0.01"
="8916","光隆","43.15","2.11","0.88","-6.59","1.65"
="8917","欣泰","48.2","0.34","0.23","0.4","0.59"
="8921","沈氏","13","0.12","0.15","0.05","0.04"
="8923","時報","15.05","0.22","0.33","0.18","0.2"
="8924","大田","33.7","-0.12","-0.04","-0.78","-0.83"
="8926","台汽電","23.55","0.45","0.47","0.14","0.59"
="8927","北基","11.3","-0.1","0.13","0.06","0.07"
="8928","鉅明","24.25","-0.5","0.52","0.54","0.18"
="8929","富堡","45.8","2.46","0.25","1.9","0.13"
="8930","青鋼","14.4","0.14","0.35","2.06","0.36"
="8931","大汽電","20.9","0.33","0.16","0.06","0.25"
="8932","宏大","9","-0.13","-0.3","-0.47","0.15"
="8933","愛地雅","11.3","0.14","0.37","-0.31","0.08"
="8934","衡平","35.05","0.93","1.76","0.67","-1.99"
="8935","邦泰","9.79","-0.91","-0.34","-0.05","-0.32"
="8936","國統","18.35","-0.84","-2.01","0.06","-0.34"
="8937","合騏","13.95","-0.16","0.02","-0.26","0.09"
="8938","明安","38.1","0.28","1.91","0.82","0.65"
="8940","新天地","13.8","-1.22","1.02","0.53","-0.34"
="8941","關中","69","0.99","0.39","0.26","3.04"
="8942","森鉅","63.4","1","1.69","0.1","1.57"
="8996","高力","37.8","0.7","0.82","0.04","0.17"
="9103","美德醫療-DR","1.46","","","",""
="910322","康師傅-DR","23.65","","","",""
="910482","聖馬丁-DR","0.59","","","",""
="9105","泰金寶-DR","3.05","","","",""
="910708","恒大健-DR","700","","","",""
="910801","金衛-DR","4.27","","","",""
="910861","神州-DR","8.8","","","",""
="9110","越南控-DR","3.68","","","",""
="911608","明輝-DR","2.2","","","",""
="911619","耀傑-DR","0.91","","","",""
="911622","泰聚亨-DR","11.8","","","",""
="911868","同方友友-DR","1.56","","","",""
="912000","晨訊科-DR","3.16","","","",""
="912398","友佳-DR","7.5","","","",""
="9136","巨騰-DR","10.15","","","",""
="9157","陽光能源-DR","1.35","","","",""
="9188","精熙-DR","5.09","","","",""
="9802","鈺齊-KY","76","0.84","1.66","1.92","1.7"
="9902","台火","10.05","0.04","-0.04","-0.04","0.04"
="9904","寶成","36.95","1.27","1.41","0.55","0.9"
="9905","大華","25.2","0.55","0.5","0.51","0.45"
="9906","欣巴巴","17.7","0.42","0.03","0.06","0.28"
="9907","統一實","13.5","0.16","0.13","0.13","0.07"
="9908","大台北","26","0.61","0.21","0.44","0.28"
="9910","豐泰","135.5","1.74","1.46","1.14","1.74"
="9911","櫻花","38.5","0.59","0.77","0.73","0.56"
="9912","偉聯","7.8","0","0","0.02","0"
="9914","美利達","130.5","1.67","1.77","1.01","0.49"
="9917","中保","88.9","1.03","-1.77","1.67","1.26"
="9918","欣天然","32","0.12","0.3","0.47","0.4"
="9919","康那香","11.15","0.04","-2.39","0.03","0.14"
="9921","巨大","151","1.89","1.77","1.38","1.81"
="9924","福興","38.3","1.12","1","0.51","0.81"
="9925","新保","38.6","0.72","0.44","0.44","0.82"
="9926","新海","40","0.49","0.34","0.43","0.48"
="9927","泰銘","38.7","1.01","1.36","1.21","0.88"
="9928","中視","5.78","-0.49","-1.32","-0.27","-0.81"
="9929","秋雨","10.75","-0.02","0.03","-0.05","0"
="9930","中聯資源","54.8","0.56","0.7","0.77","0.66"
="9931","欣高","31","0.16","0.36","0.42","0.5"
="9933","中鼎","45.5","0.92","0.65","0.58","1.59"
="9934","成霖","21.4","-2.41","0.35","0.4","0.75"
="9935","慶豐富","30.4","0.11","0.11","0.05","0.46"
="9937","全國","39.2","0.59","0.61","0.42","0.5"
="9938","百和","115","1.17","1.3","1.37","1.3"
="9939","宏全","52.9","1.39","0.32","1.28","1.17"
="9940","信義","35.7","0.32","0.91","0.11","1.8"
="9941","裕融","112","1.68","1.58","1.97","2.14"
="9942","茂順","87","1.37","1.58","1.12","1.76"
="9943","好樂迪","51.7","1.09","0.83","1.21","1.03"
="9944","新麗","18.65","0.02","-0.12","0.11","0.36"
="9945","潤泰新","30.85","1.67","2.13","0.33","0.79"
="9946","三發地產","11.25","0.12","0.38","0.35","0.01"
="9949","琉園","10.95","-0.28","0","-0.18","-0.16"
="9950","萬國通","14.05","-0.04","0.25","-0.45","-0.35"
="9951","皇田","167.5","2.11","2.97","2.1","2.25"
="9955","佳龍","14.2","-0.19","-1.17","-0.26","-0.39"
="9958","世紀鋼","15.7","-0.06","0.1","0.07","0.02"
="9960","邁達康","31.9","0.09","-0.78","0.18","0.22"
="9962","有益","10.25","0.09","0.34","0.46","-0.11"